DEP;ANNEE;SEXE;AGE_CL1;K;PA_REV;TISp
99;2008;F;0;0;2844,5;0
99;2008;F;1;1;2975,5;33,6077970089061
99;2008;F;10;0;3301;0
99;2008;F;11;0;3303;0
99;2008;F;12;0;3351;0
99;2008;F;13;1;3293;30,3674460977832
99;2008;F;14;1;3206,5;31,1866521128957
99;2008;F;15;1;3325;30,0751879699248
99;2008;F;16;1;3286;30,4321363359708
99;2008;F;17;2;3390;58,9970501474926
99;2008;F;18;1;3425,5;29,1928185666326
99;2008;F;19;1;3195,5;31,2940071976217
99;2008;F;2;1;3096,5;0
99;2008;F;20;1;3034;32,95978905735
99;2008;F;21;0;3045,5;0
99;2008;F;22;2;2931;68,2360968952576
99;2008;F;23;1;2852,5;35,056967572305
99;2008;F;24;2;2811;71,1490572749911
99;2008;F;25;1;2871;34,8310693138279
99;2008;F;26;0;3032;0
99;2008;F;27;1;3122,5;32,0256204963971
99;2008;F;28;5;3174;126,023944549464
99;2008;F;29;2;3080;64,9350649350649
99;2008;F;3;0;3080,5;0
99;2008;F;30;4;3006,5;133,04506901713
99;2008;F;31;4;3050;131,147540983607
99;2008;F;32;3;3110;96,4630225080386
99;2008;F;33;7;3341;209,518108350793
99;2008;F;34;7;3677;190,372586347566
99;2008;F;35;6;3977,5;150,848522941546
99;2008;F;36;10;4104,5;243,635034717992
99;2008;F;37;11;4082;269,475747182754
99;2008;F;38;9;4064,5;196,826177881658
99;2008;F;39;9;4047;197,677291821102
99;2008;F;4;0;3154,5;0
99;2008;F;40;8;4000,5;199,975003124609
99;2008;F;41;11;4153,5;240,760804141086
99;2008;F;42;18;4279,5;420,609884332282
99;2008;F;43;13;4296,5;302,571860816944
99;2008;F;44;9;4243;212,114070233325
99;2008;F;45;18;4135;435,308343409915
99;2008;F;46;22;4200;523,809523809524
99;2008;F;47;21;4233;496,102055279943
99;2008;F;48;24;4216,5;569,192458199929
99;2008;F;49;26;4291;605,919366115125
99;2008;F;5;0;3162,5;0
99;2008;F;50;27;4332;623,268698060942
99;2008;F;51;20;4408,5;453,669048429171
99;2008;F;52;41;4394;933,090578060992
99;2008;F;53;18;4493;400,623191631427
99;2008;F;54;33;4503;732,844770153231
99;2008;F;55;39;4422,5;881,854154889768
99;2008;F;56;32;4463,5;694,522235913521
99;2008;F;57;42;4751,5;883,931390087341
99;2008;F;58;42;4818;871,73100871731
99;2008;F;59;36;4960;705,645161290323
99;2008;F;6;0;3247;0
99;2008;F;60;41;5193;789,524359715001
99;2008;F;61;43;5037;853,682747667262
99;2008;F;62;45;4356;1033,05785123967
99;2008;F;63;26;3730;697,050938337802
99;2008;F;64;47;3857,5;1218,40570317563
99;2008;F;65;48;3597;1334,44537114262
99;2008;F;66;38;3152;1205,58375634518
99;2008;F;67;46;3081;1460,56475170399
99;2008;F;68;23;3331;690,483338336836
99;2008;F;69;36;3402,5;1058,04555473916
99;2008;F;7;0;3320;0
99;2008;F;70;33;3334,5;989,653621232569
99;2008;F;71;43;3361,5;1279,19083742377
99;2008;F;72;45;3425,5;1313,67683549847
99;2008;F;73;62;3517,5;1762,61549395878
99;2008;F;74;42;3411;1201,99355027851
99;2008;F;75;40;3363,5;1159,50646647837
99;2008;F;76;36;3324;1083,03249097473
99;2008;F;77;37;3359,5;1101,35436820955
99;2008;F;78;52;3317;1567,68164003618
99;2008;F;79;34;3182,5;1036,9206598586
99;2008;F;8;0;3437;0
99;2008;F;80;43;3065;1370,30995106036
99;2008;F;81;42;2936;1430,51771117166
99;2008;F;82;38;2760,5;1376,56221698968
99;2008;F;83;39;2587,5;1507,24637681159
99;2008;F;84;30;2417;1241,20810922631
99;2008;F;85;35;2273,5;1539,47657796349
99;2008;F;86;30;2238;1340,48257372654
99;2008;F;87;23;2170;1059,90783410138
99;2008;F;88;19;1539,5;1234,16693731731
99;2008;F;89;15;933;1607,71704180064
99;2008;F;9;0;3340;0
99;2008;F;90;10;764,5;1308,0444735121
99;2008;F;91;6;517;1160,5415860735
99;2008;F;92;9;482;1659,7510373444
99;2008;F;93;10;645;1550,38759689922
99;2008;F;94;10;617,5;1619,43319838057
99;2008;F;95;7;437,5;1371,42857142857
99;2008;F;96;6;299,5;2003,33889816361
99;2008;F;97;1;255;392,156862745098
99;2008;F;98;0;196;0
99;2008;F;99;6;286,5;1745,20069808028
99;2008;M;0;1;2988,5;33,4616028107746
99;2008;M;1;0;3211,5;0
99;2008;M;10;1;3501;0
99;2008;M;11;0;3477,5;0
99;2008;M;12;0;3501;0
99;2008;M;13;1;3390,5;29,4941749004572
99;2008;M;14;0;3313,5;0
99;2008;M;15;0;3414;0
99;2008;M;16;0;3658;0
99;2008;M;17;1;3840,5;26,0382762661112
99;2008;M;18;5;3877;103,172556100077
99;2008;M;19;1;3629,5;27,5520044083207
99;2008;M;2;0;3258;0
99;2008;M;20;1;3397;29,4377391816309
99;2008;M;21;3;3210;93,4579439252336
99;2008;M;22;0;3132,5;0
99;2008;M;23;3;3165,5;94,7717580161112
99;2008;M;24;1;3016,5;0
99;2008;M;25;2;3083;64,8718780408693
99;2008;M;26;3;3064,5;65,2635013868494
99;2008;M;27;2;3078,5;32,4833522819555
99;2008;M;28;5;3078,5;162,416761409778
99;2008;M;29;2;2941;34,0020401224073
99;2008;M;3;0;3196,5;0
99;2008;M;30;1;2875,5;34,7765605981568
99;2008;M;31;1;2876,5;34,7644707109334
99;2008;M;32;4;3005,5;133,089336216936
99;2008;M;33;2;3259;61,3685179502915
99;2008;M;34;2;3626,5;55,1495932717496
99;2008;M;35;3;3921;76,5110941086458
99;2008;M;36;4;4007;99,8253057149988
99;2008;M;37;3;4023;74,5712155108128
99;2008;M;38;2;3970,5;50,371489736809
99;2008;M;39;5;3982,5;100,439422473321
99;2008;M;4;1;3304,5;0
99;2008;M;40;8;3890,5;205,629096517157
99;2008;M;41;9;3967,5;226,843100189036
99;2008;M;42;6;4021,5;124,331717021012
99;2008;M;43;4;4033,5;74,3770918557084
99;2008;M;44;9;3970;226,700251889169
99;2008;M;45;10;3927;229,182582123759
99;2008;M;46;8;3933,5;203,381212660481
99;2008;M;47;12;3999,5;275,034379297412
99;2008;M;48;13;4029,5;297,803697729247
99;2008;M;49;18;4035,5;446,041382728286
99;2008;M;5;1;3384;29,5508274231678
99;2008;M;50;18;4125;436,363636363636
99;2008;M;51;27;4158;649,350649350649
99;2008;M;52;32;4106;754,992693619094
99;2008;M;53;36;4110;875,912408759124
99;2008;M;54;36;4104,5;877,086124984773
99;2008;M;55;46;4158,5;1106,16808945533
99;2008;M;56;39;4168;911,708253358925
99;2008;M;57;66;4360;1513,76146788991
99;2008;M;58;39;4521;840,52200840522
99;2008;M;59;62;4596,5;1327,09670401392
99;2008;M;6;1;3432;29,1375291375291
99;2008;M;60;75;4722,5;1566,96664902065
99;2008;M;61;87;4737;1815,49503905425
99;2008;M;62;64;4062;1550,96011816839
99;2008;M;63;70;3390;2035,3982300885
99;2008;M;64;68;3495;1945,63662374821
99;2008;M;65;70;3438;2036,06748109366
99;2008;M;66;76;3002,5;2531,22398001665
99;2008;M;67;61;2784,5;2190,69850960675
99;2008;M;68;72;2925,5;2461,11775764827
99;2008;M;69;65;3005;2163,0615640599
99;2008;M;7;0;3586,5;0
99;2008;M;70;86;2978,5;2887,35940909854
99;2008;M;71;63;2907,5;2166,80997420464
99;2008;M;72;95;2896,5;3279,82047298464
99;2008;M;73;66;2811;2347,91889007471
99;2008;M;74;85;2710,5;3099,05921416713
99;2008;M;75;93;2722,5;3379,24701561065
99;2008;M;76;93;2697;3448,27586206897
99;2008;M;77;91;2553,5;3524,57411396123
99;2008;M;78;78;2395;3256,78496868476
99;2008;M;79;68;2238,5;3037,74849229395
99;2008;M;8;1;3635,5;27,5065328015404
99;2008;M;80;62;2087,5;2970,05988023952
99;2008;M;81;56;1947;2824,85875706215
99;2008;M;82;67;1783;3701,6264722378
99;2008;M;83;48;1636,5;2933,08890925756
99;2008;M;84;29;1494,5;1940,44831047173
99;2008;M;85;50;1349;3706,44922164566
99;2008;M;86;30;1208,5;2482,41621845263
99;2008;M;87;30;1065,5;2721,72688878461
99;2008;M;88;22;719,5;3057,67894371091
99;2008;M;89;10;427;2341,92037470726
99;2008;M;9;1;3522,5;28,388928317956
99;2008;M;90;7;316,5;2211,69036334913
99;2008;M;91;8;204,5;3911,9804400978
99;2008;M;92;1;162,5;615,384615384615
99;2008;M;93;8;175,5;4558,40455840456
99;2008;M;94;4;179,5;2228,41225626741
99;2008;M;95;5;128,5;3891,05058365759
99;2008;M;96;4;88;3409,09090909091
99;2008;M;97;1;68,5;0
99;2008;M;98;0;35;0
99;2008;M;99;2;63,5;3149,6062992126
99;2009;F;0;0;2906;0
99;2009;F;1;0;2959;0
99;2009;F;10;0;3373,5;0
99;2009;F;11;0;3323;0
99;2009;F;12;1;3272,5;0
99;2009;F;13;0;3374,5;0
99;2009;F;14;1;3346;29,8864315600717
99;2009;F;15;1;3266,5;30,6138068268789
99;2009;F;16;0;3342;0
99;2009;F;17;2;3282,5;30,4645849200305
99;2009;F;18;2;3331,5;30,016509079994
99;2009;F;19;1;3298;30,3214069132808
99;2009;F;2;1;3021;0
99;2009;F;20;0;3074,5;0
99;2009;F;21;3;2937;102,145045965271
99;2009;F;22;1;3005,5;33,2723340542339
99;2009;F;23;1;2929,5;34,1355180064858
99;2009;F;24;0;2855;0
99;2009;F;25;1;2761,5;36,2122035125837
99;2009;F;26;2;2914,5;68,6224052153028
99;2009;F;27;4;3049;131,190554280092
99;2009;F;28;2;3177;62,9524708844822
99;2009;F;29;4;3245;123,26656394453
99;2009;F;3;0;3114,5;0
99;2009;F;30;1;3107,5;32,1802091713596
99;2009;F;31;4;3095,5;129,21983524471
99;2009;F;32;8;3123;224,143451809158
99;2009;F;33;5;3183;157,084511467169
99;2009;F;34;3;3425,5;87,5784556998978
99;2009;F;35;2;3731;53,6049316537121
99;2009;F;36;9;4050,5;222,194790766572
99;2009;F;37;9;4218;213,371266002845
99;2009;F;38;10;4139;241,604252234839
99;2009;F;39;10;4096,5;244,110826315147
99;2009;F;4;0;3167,5;0
99;2009;F;40;9;4084;195,88638589618
99;2009;F;41;12;3997;300,225168876658
99;2009;F;42;9;4174,5;215,594681997844
99;2009;F;43;18;4326,5;416,04067953311
99;2009;F;44;17;4293;372,699743768926
99;2009;F;45;13;4263;304,94956603331
99;2009;F;46;25;4185;597,371565113501
99;2009;F;47;18;4219;426,641384214269
99;2009;F;48;21;4260,5;492,899894378594
99;2009;F;49;21;4256;493,421052631579
99;2009;F;5;1;3215,5;0
99;2009;F;50;23;4308,5;533,828478588836
99;2009;F;51;33;4357;757,401882028919
99;2009;F;52;24;4399,5;545,516535969997
99;2009;F;53;20;4464;448,028673835125
99;2009;F;54;44;4543,5;968,416419060196
99;2009;F;55;33;4600;717,391304347826
99;2009;F;56;36;4488,5;802,049682522001
99;2009;F;57;28;4562,5;613,698630136986
99;2009;F;58;48;4868;986,031224322104
99;2009;F;59;41;4909,5;814,746919238212
99;2009;F;6;0;3235;0
99;2009;F;60;52;5099;1000,19611688566
99;2009;F;61;41;5288;775,340393343419
99;2009;F;62;63;5173;1198,53083317224
99;2009;F;63;37;4427;813,191777727581
99;2009;F;64;31;3801;815,57484872402
99;2009;F;65;45;3874,5;1135,63040392309
99;2009;F;66;48;3578;1313,58300726663
99;2009;F;67;38;3154,5;1204,62830876526
99;2009;F;68;31;3099;1000,32268473701
99;2009;F;69;37;3290;1094,22492401216
99;2009;F;7;1;3311,5;30,1977955609241
99;2009;F;70;49;3373,5;1452,49740625463
99;2009;F;71;36;3277,5;1098,39816933638
99;2009;F;72;34;3335,5;989,356918003298
99;2009;F;73;42;3408,5;1232,21358368784
99;2009;F;74;60;3451,5;1738,37461973055
99;2009;F;75;34;3374;1007,7059869591
99;2009;F;76;40;3280;1219,51219512195
99;2009;F;77;46;3274,5;1404,79462513361
99;2009;F;78;45;3292;1366,95018226002
99;2009;F;79;38;3265;1133,23124042879
99;2009;F;8;0;3413;0
99;2009;F;80;61;3087,5;1975,70850202429
99;2009;F;81;38;2958;1284,65179175118
99;2009;F;82;52;2848;1825,84269662921
99;2009;F;83;43;2661;1578,35400225479
99;2009;F;84;28;2451,5;1142,15786253314
99;2009;F;85;21;2269,5;925,31394580304
99;2009;F;86;33;2169,5;1521,08780825075
99;2009;F;87;22;2107;1044,13858566682
99;2009;F;88;41;1985,5;2064,97104004029
99;2009;F;89;20;1366,5;1390,41346505671
99;2009;F;9;1;3466;28,8517022504328
99;2009;F;90;4;832;480,769230769231
99;2009;F;91;9;639,5;1250,97732603597
99;2009;F;92;6;449;1113,58574610245
99;2009;F;93;5;422,5;1183,43195266272
99;2009;F;94;5;528;946,969696969697
99;2009;F;95;6;501;998,003992015968
99;2009;F;96;6;313;1916,93290734824
99;2009;F;97;3;246;1219,51219512195
99;2009;F;98;0;191;0
99;2009;F;99;3;327,5;610,687022900763
99;2009;M;0;1;3085,5;32,4096580781073
99;2009;M;1;0;3098,5;0
99;2009;M;10;0;3570;0
99;2009;M;11;1;3536;0
99;2009;M;12;2;3578,5;27,9446695542825
99;2009;M;13;0;3550;0
99;2009;M;14;1;3440;0
99;2009;M;15;2;3307;60,4777744179014
99;2009;M;16;1;3509,5;28,4940874768486
99;2009;M;17;3;3724;53,7056928034372
99;2009;M;18;0;3852,5;0
99;2009;M;19;1;3867,5;25,8564964447317
99;2009;M;2;1;3249,5;30,7739652254193
99;2009;M;20;2;3565;28,0504908835905
99;2009;M;21;2;3285,5;60,8735352305585
99;2009;M;22;2;3096;32,2997416020672
99;2009;M;23;3;3024;66,1375661375661
99;2009;M;24;5;3008;132,978723404255
99;2009;M;25;1;2892;34,5781466113416
99;2009;M;26;1;2975;0
99;2009;M;27;3;3092;97,0245795601552
99;2009;M;28;2;3110,5;64,2983443176338
99;2009;M;29;3;3154,5;63,4014899350135
99;2009;M;3;1;3295,5;0
99;2009;M;30;3;3031;65,9848234905972
99;2009;M;31;1;2956;33,82949932341
99;2009;M;32;1;2954,5;33,8466745642241
99;2009;M;33;2;3086,5;64,7983152438037
99;2009;M;34;2;3335;29,9850074962519
99;2009;M;35;3;3698;81,1249323958897
99;2009;M;36;7;3977,5;175,989943431804
99;2009;M;37;2;4075,5;49,0737332842596
99;2009;M;38;6;4069;122,880314573605
99;2009;M;39;3;4032,5;49,5970241785493
99;2009;M;4;1;3238;0
99;2009;M;40;8;3999,5;175,021877734717
99;2009;M;41;9;3996;200,2002002002
99;2009;M;42;4;3966;75,642965204236
99;2009;M;43;8;4040;173,267326732673
99;2009;M;44;11;4038;272,412085190688
99;2009;M;45;9;4013;224,271118863693
99;2009;M;46;13;3974,5;327,085167945654
99;2009;M;47;15;3968,5;377,976565452942
99;2009;M;48;21;4039,5;495,110781037257
99;2009;M;49;18;4060,5;418,667651767024
99;2009;M;5;0;3372,5;0
99;2009;M;50;19;4085;465,116279069767
99;2009;M;51;31;4103,5;731,083221640063
99;2009;M;52;38;4184,5;884,215557414267
99;2009;M;53;25;4133;604,887490926688
99;2009;M;54;42;4101,5;1024,0156040473
99;2009;M;55;35;4120,5;825,142579784007
99;2009;M;56;60;4197;1429,59256611866
99;2009;M;57;53;4280;1238,31775700935
99;2009;M;58;41;4412;929,283771532185
99;2009;M;59;61;4590,5;1328,83128199543
99;2009;M;6;1;3461,5;0
99;2009;M;60;63;4713,5;1336,58640076376
99;2009;M;61;71;4855,5;1462,25929358459
99;2009;M;62;90;4795,5;1855,90657908456
99;2009;M;63;69;4066,5;1696,7908520841
99;2009;M;64;59;3408;1731,220657277
99;2009;M;65;60;3511;1708,91483907719
99;2009;M;66;62;3468,5;1787,51621738504
99;2009;M;67;71;2987;2376,96685637764
99;2009;M;68;63;2766;2277,65726681128
99;2009;M;69;62;2869;2161,03171836877
99;2009;M;7;0;3474,5;0
99;2009;M;70;91;2992;3041,44385026738
99;2009;M;71;93;2918;3187,11446196025
99;2009;M;72;79;2858;2764,17074877537
99;2009;M;73;94;2832;3319,20903954802
99;2009;M;74;77;2754,5;2795,42566709022
99;2009;M;75;74;2646,5;2796,14585301341
99;2009;M;76;85;2609,5;3257,32899022801
99;2009;M;77;70;2583;2710,027100271
99;2009;M;78;76;2452;3099,51060358891
99;2009;M;79;58;2318,5;2458,48609014449
99;2009;M;8;0;3637,5;0
99;2009;M;80;71;2123;3344,32406971267
99;2009;M;81;52;1970;2588,83248730964
99;2009;M;82;49;1819;2693,78779549203
99;2009;M;83;42;1625,5;2583,82036296524
99;2009;M;84;41;1527;2685,00327439424
99;2009;M;85;34;1333,5;2474,69066366704
99;2009;M;86;50;1199;4170,14178482068
99;2009;M;87;27;1067;2436,73851921275
99;2009;M;88;25;938,5;2663,8252530634
99;2009;M;89;11;634;1735,01577287066
99;2009;M;9;1;3638,5;0
99;2009;M;90;10;354;2824,85875706215
99;2009;M;91;7;255,5;2739,72602739726
99;2009;M;92;5;177;2824,85875706215
99;2009;M;93;0;116,5;0
99;2009;M;94;5;142;2816,9014084507
99;2009;M;95;6;144,5;3460,20761245675
99;2009;M;96;4;98;4081,63265306122
99;2009;M;97;0;57;0
99;2009;M;98;1;46,5;2150,5376344086
99;2009;M;99;0;59,5;0
99;2010;F;0;1;2910,5;34,3583576705034
99;2010;F;1;1;3092;0
99;2010;F;10;2;3514,5;28,4535495803101
99;2010;F;11;0;3405,5;0
99;2010;F;12;0;3312,5;0
99;2010;F;13;0;3294;0
99;2010;F;14;2;3422,5;29,218407596786
99;2010;F;15;1;3377;29,6120817293456
99;2010;F;16;0;3218;0
99;2010;F;17;1;3268,5;30,5950741930549
99;2010;F;18;1;3213,5;0
99;2010;F;19;1;3211;31,1429461227032
99;2010;F;2;0;3012;0
99;2010;F;20;1;3128,5;0
99;2010;F;21;2;2969;33,6813742000674
99;2010;F;22;3;2975,5;100,823391026718
99;2010;F;23;3;2966,5;101,12927692567
99;2010;F;24;0;2937,5;0
99;2010;F;25;3;2868,5;104,58427749695
99;2010;F;26;2;2839,5;70,4349357281211
99;2010;F;27;5;2935,5;170,328734457503
99;2010;F;28;3;3139;95,5718381650207
99;2010;F;29;1;3280,5;30,4831580551745
99;2010;F;3;0;3052;0
99;2010;F;30;6;3308,5;181,351065437509
99;2010;F;31;6;3155,5;190,144192679449
99;2010;F;32;3;3129;95,8772770853308
99;2010;F;33;4;3193;125,274036955841
99;2010;F;34;3;3269;61,1807892321811
99;2010;F;35;17;3470;489,913544668588
99;2010;F;36;11;3834,5;286,869213717564
99;2010;F;37;8;4087,5;195,718654434251
99;2010;F;38;11;4261,5;234,659157573624
99;2010;F;39;9;4197;214,438884917798
99;2010;F;4;0;3180;0
99;2010;F;40;11;4109;267,705037722073
99;2010;F;41;11;4130;266,34382566586
99;2010;F;42;15;4035,5;371,701152273572
99;2010;F;43;9;4223;213,118636040729
99;2010;F;44;13;4341;299,470168164017
99;2010;F;45;22;4321;485,998611432539
99;2010;F;46;23;4311;533,518905126421
99;2010;F;47;17;4181,5;406,55267248595
99;2010;F;48;18;4273,5;421,200421200421
99;2010;F;49;24;4279;560,878709978967
99;2010;F;5;0;3252,5;0
99;2010;F;50;27;4285;630,105017502917
99;2010;F;51;30;4299;697,836706210747
99;2010;F;52;34;4363,5;779,191016385929
99;2010;F;53;11;4419,5;226,269940038466
99;2010;F;54;37;4480;825,892857142857
99;2010;F;55;35;4587,5;762,942779291553
99;2010;F;56;40;4671,5;834,849620036391
99;2010;F;57;36;4597;783,119425712421
99;2010;F;58;35;4677,5;748,262960983431
99;2010;F;59;30;4991;601,08194750551
99;2010;F;6;1;3257,5;30,6983883346124
99;2010;F;60;45;5036,5;893,477613422019
99;2010;F;61;38;5212;729,086722947045
99;2010;F;62;40;5381,5;724,705007897426
99;2010;F;63;45;5267,5;835,31086853346
99;2010;F;64;47;4481;1048,87301941531
99;2010;F;65;48;3843;1249,02419984387
99;2010;F;66;54;3840,5;1406,06691837
99;2010;F;67;38;3548,5;1070,87501761308
99;2010;F;68;40;3166,5;1263,22438023054
99;2010;F;69;38;3084,5;1199,5461176852
99;2010;F;7;1;3301,5;30,2892624564592
99;2010;F;70;37;3270;1131,49847094801
99;2010;F;71;34;3337;988,912196583758
99;2010;F;72;38;3276;1159,95115995116
99;2010;F;73;37;3274;1099,57238851558
99;2010;F;74;46;3345,5;1345,09041996712
99;2010;F;75;44;3377,5;1302,73871206514
99;2010;F;76;44;3339,5;1317,56250935769
99;2010;F;77;46;3274,5;1404,79462513361
99;2010;F;78;39;3172;1229,50819672131
99;2010;F;79;40;3221,5;1241,65761291324
99;2010;F;8;0;3347,5;0
99;2010;F;80;39;3197,5;1219,70289288507
99;2010;F;81;39;2976;1276,88172043011
99;2010;F;82;42;2848;1474,7191011236
99;2010;F;83;44;2728,5;1575,95748579806
99;2010;F;84;35;2524,5;1386,41315111903
99;2010;F;85;44;2301;1912,21208170361
99;2010;F;86;36;2143,5;1679,49615115465
99;2010;F;87;32;2012;1540,75546719682
99;2010;F;88;35;1923,5;1767,61112555238
99;2010;F;89;25;1762;1418,84222474461
99;2010;F;9;1;3464,5;28,8641939673835
99;2010;F;90;15;1228;1221,4983713355
99;2010;F;91;10;698;1289,39828080229
99;2010;F;92;8;533;1500,93808630394
99;2010;F;93;5;354,5;1410,43723554302
99;2010;F;94;4;347,5;1151,07913669065
99;2010;F;95;8;446,5;1791,71332586786
99;2010;F;96;3;375;800
99;2010;F;97;3;260,5;1151,63147792706
99;2010;F;98;2;175,5;1139,60113960114
99;2010;F;99;1;362;276,243093922652
99;2010;M;0;0;3120;0
99;2010;M;1;0;3158,5;0
99;2010;M;10;1;3661;27,3149412728763
99;2010;M;11;0;3620;0
99;2010;M;12;0;3600;0
99;2010;M;13;1;3639,5;27,4763016897926
99;2010;M;14;0;3580,5;0
99;2010;M;15;2;3467,5;57,6784426820476
99;2010;M;16;0;3301;0
99;2010;M;17;0;3429;0
99;2010;M;18;1;3620;27,6243093922652
99;2010;M;19;1;3724;0
99;2010;M;2;2;3152,5;63,441712926249
99;2010;M;20;0;3681,5;0
99;2010;M;21;1;3497;28,5959393766085
99;2010;M;22;0;3234;0
99;2010;M;23;0;3020,5;0
99;2010;M;24;2;3032,5;32,9760923330585
99;2010;M;25;2;3000,5;66,6555574070988
99;2010;M;26;1;2879,5;34,7282514325404
99;2010;M;27;2;3017;33,1455087835598
99;2010;M;28;1;3115;32,1027287319422
99;2010;M;29;3;3191;94,0144155437167
99;2010;M;3;2;3274;61,0873549175321
99;2010;M;30;1;3206,5;31,1866521128957
99;2010;M;31;5;3091;161,759948236817
99;2010;M;32;5;3003;133,200133200133
99;2010;M;33;4;2983,5;134,070722306016
99;2010;M;34;1;3103,5;32,2216851941357
99;2010;M;35;7;3362;208,209399167162
99;2010;M;36;2;3794;52,7148128624143
99;2010;M;37;2;4060;24,6305418719212
99;2010;M;38;6;4129,5;121,080033902409
99;2010;M;39;6;4121,5;121,31505519835
99;2010;M;4;1;3352,5;29,8284862043251
99;2010;M;40;8;4044,5;197,799480776363
99;2010;M;41;7;4074,5;171,800220885998
99;2010;M;42;6;4033,5;148,754183711417
99;2010;M;43;6;3995;150,187734668335
99;2010;M;44;11;4044;272,007912957468
99;2010;M;45;10;4081;245,037980887038
99;2010;M;46;10;4060,5;246,27508927472
99;2010;M;47;11;3990,5;250,595163513344
99;2010;M;48;9;3992,5;225,422667501565
99;2010;M;49;16;4041;371,195248700817
99;2010;M;5;1;3282;0
99;2010;M;50;14;4114;340,301409820126
99;2010;M;51;20;4089;489,117143555882
99;2010;M;52;25;4103;609,310260784792
99;2010;M;53;29;4165,5;696,194934581683
99;2010;M;54;34;4141;821,05771552765
99;2010;M;55;37;4079,5;906,973893859542
99;2010;M;56;39;4145;916,767189384801
99;2010;M;57;53;4267;1242,09046168268
99;2010;M;58;54;4338,5;1221,62037570589
99;2010;M;59;57;4464,5;1276,73871654161
99;2010;M;6;2;3463,5;57,745055579616
99;2010;M;60;67;4655;1439,31256713212
99;2010;M;61;75;4800;1541,66666666667
99;2010;M;62;81;4926;1644,33617539586
99;2010;M;63;90;4807,5;1872,07488299532
99;2010;M;64;92;4088;2250,48923679061
99;2010;M;65;78;3424;2248,83177570093
99;2010;M;66;91;3546;2566,27185561196
99;2010;M;67;81;3453;2345,78627280626
99;2010;M;68;70;2961;2364,06619385343
99;2010;M;69;78;2749;2801,0185522008
99;2010;M;7;1;3496;28,604118993135
99;2010;M;70;76;2870;2648,08362369338
99;2010;M;71;74;2909;2543,82949467171
99;2010;M;72;65;2854,5;2277,1063233491
99;2010;M;73;99;2793;3508,77192982456
99;2010;M;74;99;2744,5;3607,21442885772
99;2010;M;75;71;2682,5;2646,78471575023
99;2010;M;76;68;2573;2642,82938204431
99;2010;M;77;72;2531;2844,72540497827
99;2010;M;78;81;2455,5;3298,71716554673
99;2010;M;79;64;2356;2716,46859083192
99;2010;M;8;1;3517,5;28,4292821606254
99;2010;M;80;72;2195,5;3279,43520838078
99;2010;M;81;69;2004;3443,11377245509
99;2010;M;82;63;1860,5;3332,43751679656
99;2010;M;83;50;1694;2951,59386068477
99;2010;M;84;39;1521,5;2563,25994084785
99;2010;M;85;36;1369,5;2628,69660460022
99;2010;M;86;27;1209,5;2232,32740801984
99;2010;M;87;30;1090;2752,29357798165
99;2010;M;88;30;923;3250,27085590466
99;2010;M;89;24;811,5;2957,48613678373
99;2010;M;9;1;3682;27,1591526344378
99;2010;M;90;11;525,5;2093,24452901998
99;2010;M;91;8;280,5;2852,04991087344
99;2010;M;92;3;208;1442,30769230769
99;2010;M;93;1;137,5;727,272727272727
99;2010;M;94;2;103,5;966,183574879227
99;2010;M;95;4;102;2941,17647058824
99;2010;M;96;4;106;3773,58490566038
99;2010;M;97;2;62;1612,90322580645
99;2010;M;98;2;46;2173,91304347826
99;2010;M;99;0;71,5;0
99;2011;F;0;0;2902;0
99;2011;F;1;0;3198,5;0
99;2011;F;10;0;3520,5;0
99;2011;F;11;1;3554;28,137310073157
99;2011;F;12;1;3448;0
99;2011;F;13;1;3311,5;0
99;2011;F;14;0;3317,5;0
99;2011;F;15;0;3453;0
99;2011;F;16;1;3340,5;29,9356383774884
99;2011;F;17;0;3114;0
99;2011;F;18;2;3212,5;62,2568093385214
99;2011;F;19;2;3107,5;32,1802091713596
99;2011;F;2;0;3131;0
99;2011;F;20;1;3021;33,101621979477
99;2011;F;21;2;2975,5;67,2155940178121
99;2011;F;22;1;2926,5;34,1705108491372
99;2011;F;23;0;2941,5;0
99;2011;F;24;1;2945,5;33,9500933627567
99;2011;F;25;2;2960;67,5675675675676
99;2011;F;26;0;2890;0
99;2011;F;27;2;2885;69,3240901213172
99;2011;F;28;4;3016;132,62599469496
99;2011;F;29;2;3222;62,0732464307883
99;2011;F;3;1;3071,5;32,5573823864561
99;2011;F;30;4;3381,5;118,29069939376
99;2011;F;31;5;3351,5;149,186931224825
99;2011;F;32;4;3155;126,782884310618
99;2011;F;33;7;3163;221,308883970914
99;2011;F;34;5;3225;124,031007751938
99;2011;F;35;2;3289,5;60,7995136038912
99;2011;F;36;7;3547;197,349873132224
99;2011;F;37;8;3816;209,643605870021
99;2011;F;38;11;4142,5;265,540132770066
99;2011;F;39;12;4352,5;252,728317059161
99;2011;F;4;0;3109,5;0
99;2011;F;40;16;4231;378,161191207752
99;2011;F;41;8;4178;191,47917663954
99;2011;F;42;10;4164;240,153698366955
99;2011;F;43;14;4067,5;344,19176398279
99;2011;F;44;13;4226;283,956460009465
99;2011;F;45;11;4364;252,062328139322
99;2011;F;46;23;4356,5;527,946746241249
99;2011;F;47;24;4302,5;557,815223707147
99;2011;F;48;26;4227,5;615,020697811946
99;2011;F;49;25;4273,5;585,000585000585
99;2011;F;5;0;3242,5;0
99;2011;F;50;24;4301;534,75935828877
99;2011;F;51;25;4289;582,886453718816
99;2011;F;52;27;4333;623,124855758135
99;2011;F;53;31;4350;712,64367816092
99;2011;F;54;24;4460,5;538,056271718417
99;2011;F;55;40;4537;881,639850121226
99;2011;F;56;30;4673;641,985876310721
99;2011;F;57;35;4764;713,685978169605
99;2011;F;58;38;4688,5;810,493761330916
99;2011;F;59;39;4840;805,785123966942
99;2011;F;6;0;3319;0
99;2011;F;60;45;5060;889,328063241107
99;2011;F;61;59;5138,5;1128,73406636178
99;2011;F;62;56;5338;1049,08205320345
99;2011;F;63;57;5430;1049,72375690608
99;2011;F;64;57;5326,5;1070,12109264996
99;2011;F;65;56;4551,5;1230,3636163902
99;2011;F;66;50;3830;1279,37336814621
99;2011;F;67;47;3821;1203,87333158859
99;2011;F;68;49;3519;1364,02387041773
99;2011;F;69;42;3171,5;1324,29449787167
99;2011;F;7;0;3296,5;0
99;2011;F;70;33;3070,5;1042,17554144276
99;2011;F;71;46;3254;1413,64474492932
99;2011;F;72;44;3345,5;1285,30862352414
99;2011;F;73;34;3218;1056,55686761964
99;2011;F;74;44;3212;1369,86301369863
99;2011;F;75;37;3314;1086,30054315027
99;2011;F;76;53;3320,5;1596,14515886162
99;2011;F;77;33;3306,5;998,034175109633
99;2011;F;78;41;3150;1301,5873015873
99;2011;F;79;50;3118;1603,59204618345
99;2011;F;8;1;3289,5;0
99;2011;F;80;54;3148;1715,374841169
99;2011;F;81;44;3080;1428,57142857143
99;2011;F;82;39;2885,5;1351,58551377578
99;2011;F;83;44;2723,5;1615,56820268037
99;2011;F;84;44;2603;1651,94006915098
99;2011;F;85;34;2392,5;1421,10762800418
99;2011;F;86;25;2160;1157,40740740741
99;2011;F;87;29;1974,5;1468,72625981261
99;2011;F;88;34;1838,5;1794,94152841991
99;2011;F;89;29;1719;1687,0273414776
99;2011;F;9;1;3402;29,3944738389183
99;2011;F;90;24;1585,5;1450,64648375907
99;2011;F;91;16;1036;1544,40154440154
99;2011;F;92;2;598,5;334,168755221387
99;2011;F;93;5;421;1187,64845605701
99;2011;F;94;3;300;1000
99;2011;F;95;3;288,5;1039,86135181976
99;2011;F;96;2;330;606,060606060606
99;2011;F;97;3;281;1067,61565836299
99;2011;F;98;4;198,5;1511,33501259446
99;2011;F;99;3;362;828,729281767956
99;2011;M;0;0;3035,5;0
99;2011;M;1;2;3326;30,0661455201443
99;2011;M;10;1;3700;0
99;2011;M;11;0;3685,5;0
99;2011;M;12;3;3646;82,2819528250137
99;2011;M;13;1;3621,5;27,6128675962999
99;2011;M;14;0;3656;0
99;2011;M;15;0;3647;0
99;2011;M;16;2;3557,5;28,109627547435
99;2011;M;17;1;3237;0
99;2011;M;18;1;3315,5;30,1613632936209
99;2011;M;19;1;3489,5;0
99;2011;M;2;1;3229,5;30,9645455952934
99;2011;M;20;4;3527,5;113,394755492558
99;2011;M;21;3;3438,5;87,2473462265523
99;2011;M;22;1;3284,5;30,4460344040189
99;2011;M;23;3;3141,5;63,663854846411
99;2011;M;24;1;2975;0
99;2011;M;25;3;3056,5;98,1514804514968
99;2011;M;26;1;2943;33,9789330615019
99;2011;M;27;0;2855,5;0
99;2011;M;28;1;3051;32,7761389708292
99;2011;M;29;5;3161,5;126,522220464969
99;2011;M;3;0;3194,5;0
99;2011;M;30;0;3217;0
99;2011;M;31;2;3199,5;62,5097671511174
99;2011;M;32;1;3137,5;31,8725099601594
99;2011;M;33;5;3015;132,669983416252
99;2011;M;34;4;3004,5;133,133632884007
99;2011;M;35;3;3121,5;96,1076405574243
99;2011;M;36;3;3454;86,8558193398958
99;2011;M;37;7;3866,5;155,179102547524
99;2011;M;38;1;4107,5;24,3457090687766
99;2011;M;39;6;4194;119,217930376729
99;2011;M;4;0;3340;0
99;2011;M;40;4;4146,5;96,4668997950078
99;2011;M;41;14;4087;318,081722534867
99;2011;M;42;9;4152;216,763005780347
99;2011;M;43;8;4029;173,740382228841
99;2011;M;44;6;4015;149,439601494396
99;2011;M;45;7;4077,5;171,673819742489
99;2011;M;46;14;4081,5;343,011147862306
99;2011;M;47;23;4050;543,20987654321
99;2011;M;48;12;4011,5;299,139972578836
99;2011;M;49;20;4000;500
99;2011;M;5;0;3381;0
99;2011;M;50;26;4056;616,370808678501
99;2011;M;51;22;4126;533,204071740184
99;2011;M;52;28;4091;684,429234905891
99;2011;M;53;45;4098;1098,09663250366
99;2011;M;54;52;4154,5;1251,65483210976
99;2011;M;55;40;4152,5;939,193257074052
99;2011;M;56;32;4105,5;755,084642552673
99;2011;M;57;46;4167;1103,91168706503
99;2011;M;58;49;4285;1143,52392065344
99;2011;M;59;56;4394,5;1274,32017294345
99;2011;M;6;1;3353,5;29,8195914715968
99;2011;M;60;68;4530,5;1500,93808630394
99;2011;M;61;87;4705,5;1848,90022314313
99;2011;M;62;100;4863,5;2056,13241492752
99;2011;M;63;102;4944;2063,1067961165
99;2011;M;64;90;4814,5;1869,35299615744
99;2011;M;65;93;4110;2262,77372262774
99;2011;M;66;93;3430,5;2710,97507651946
99;2011;M;67;93;3519;2642,79624893436
99;2011;M;68;84;3400;2441,17647058824
99;2011;M;69;82;2954;2775,8970886933
99;2011;M;7;2;3474;57,5705238917674
99;2011;M;70;62;2725;2275,22935779816
99;2011;M;71;105;2808;3739,31623931624
99;2011;M;72;92;2829,5;3251,45785474465
99;2011;M;73;92;2774;3316,51045421774
99;2011;M;74;97;2707;3546,36128555597
99;2011;M;75;89;2716;3276,87776141384
99;2011;M;76;77;2621;2937,80999618466
99;2011;M;77;72;2476,5;2907,32889158086
99;2011;M;78;71;2420,5;2933,27824829581
99;2011;M;79;69;2343,5;2944,31406016642
99;2011;M;8;1;3507;0
99;2011;M;80;61;2245,5;2716,54419951013
99;2011;M;81;74;2090,5;3491,98756278402
99;2011;M;82;63;1876;3358,20895522388
99;2011;M;83;50;1764,5;2833,6639274582
99;2011;M;84;51;1568;3252,55102040816
99;2011;M;85;61;1379,5;4421,8919898514
99;2011;M;86;34;1242,5;2655,93561368209
99;2011;M;87;30;1112,5;2606,74157303371
99;2011;M;88;29;930,5;3116,6039763568
99;2011;M;89;23;785,5;2928,07129217059
99;2011;M;9;3;3526;56,7214974475326
99;2011;M;90;15;692;2167,63005780347
99;2011;M;91;12;426;2582,15962441315
99;2011;M;92;1;229;0
99;2011;M;93;4;171;2339,18128654971
99;2011;M;94;4;110;3636,36363636364
99;2011;M;95;3;67;2985,07462686567
99;2011;M;96;1;83;1204,81927710843
99;2011;M;97;1;69;1449,27536231884
99;2011;M;98;0;43;0
99;2011;M;99;1;81,5;1226,99386503067
99;2012;F;0;1;2845;35,1493848857645
99;2012;F;1;2;3095,5;32,3049588111775
99;2012;F;10;0;3431;0
99;2012;F;11;1;3603,5;27,7507978354378
99;2012;F;12;1;3598,5;27,7893566763929
99;2012;F;13;1;3454,5;28,947749312491
99;2012;F;14;1;3350,5;0
99;2012;F;15;1;3327,5;30,0525920360631
99;2012;F;16;1;3423;29,2141396435875
99;2012;F;17;2;3260,5;30,6701426161632
99;2012;F;18;0;3011;0
99;2012;F;19;1;3042,5;32,8677074774034
99;2012;F;2;1;3158,5;31,6605983853095
99;2012;F;20;2;2920,5;68,4814244136278
99;2012;F;21;1;2888;34,6260387811634
99;2012;F;22;1;2862,5;34,9344978165939
99;2012;F;23;0;2934,5;0
99;2012;F;24;1;2902,5;0
99;2012;F;25;1;2953,5;33,8581344167936
99;2012;F;26;1;2953;0
99;2012;F;27;3;2940,5;68,0156435980275
99;2012;F;28;3;2947;101,798439090601
99;2012;F;29;3;3081,5;64,9034561090378
99;2012;F;3;0;3178,5;0
99;2012;F;30;3;3339;89,8472596585804
99;2012;F;31;7;3481,5;201,062760304466
99;2012;F;32;2;3372,5;59,3031875463306
99;2012;F;33;5;3189;156,788962057071
99;2012;F;34;5;3201;156,201187129022
99;2012;F;35;5;3248;153,940886699507
99;2012;F;36;3;3355;89,4187779433681
99;2012;F;37;12;3584,5;306,876830799275
99;2012;F;38;9;3851,5;233,675191483837
99;2012;F;39;9;4200;190,47619047619
99;2012;F;4;0;3133;0
99;2012;F;40;18;4397,5;386,583285957931
99;2012;F;41;21;4278,5;467,453546803786
99;2012;F;42;16;4213,5;379,731814406076
99;2012;F;43;9;4164;192,122958693564
99;2012;F;44;18;4066;442,69552385637
99;2012;F;45;21;4252,5;493,827160493827
99;2012;F;46;19;4383;433,493041295916
99;2012;F;47;29;4356,5;665,67198439114
99;2012;F;48;28;4346;644,270593649333
99;2012;F;49;29;4232,5;685,174246898996
99;2012;F;5;1;3166;0
99;2012;F;50;35;4306,5;812,724950655985
99;2012;F;51;28;4350;643,67816091954
99;2012;F;52;26;4333,5;576,900888427368
99;2012;F;53;34;4332,5;761,684939411425
99;2012;F;54;36;4430;812,641083521445
99;2012;F;55;38;4532,5;816,326530612245
99;2012;F;56;28;4645,5;602,733828436121
99;2012;F;57;38;4768;796,979865771812
99;2012;F;58;28;4835,5;579,050770344328
99;2012;F;59;40;4800,5;833,246536819081
99;2012;F;6;1;3311;0
99;2012;F;60;26;4885;532,241555783009
99;2012;F;61;48;5145;932,944606413994
99;2012;F;62;58;5254,5;1103,81577695309
99;2012;F;63;41;5378,5;743,701775587989
99;2012;F;64;48;5484;875,27352297593
99;2012;F;65;58;5409,5;1053,70182087069
99;2012;F;66;46;4575;1005,46448087432
99;2012;F;67;46;3872,5;1187,86313750807
99;2012;F;68;58;3827,5;1515,34944480732
99;2012;F;69;39;3526;1106,06920022689
99;2012;F;7;0;3365;0
99;2012;F;70;43;3185,5;1349,86658295401
99;2012;F;71;39;3076,5;1267,67430521697
99;2012;F;72;45;3265;1378,25421133231
99;2012;F;73;49;3301;1454,10481672221
99;2012;F;74;32;3191,5;1002,66332445559
99;2012;F;75;35;3205;1060,84243369735
99;2012;F;76;43;3244,5;1294,49838187702
99;2012;F;77;43;3247;1293,50169387127
99;2012;F;78;45;3207;1403,18054256314
99;2012;F;79;50;3118;1603,59204618345
99;2012;F;8;0;3287;0
99;2012;F;80;51;3057,5;1668,02943581357
99;2012;F;81;55;3064;1795,03916449086
99;2012;F;82;44;3013,5;1460,0962336154
99;2012;F;83;50;2747;1820,1674554059
99;2012;F;84;39;2605,5;1458,45327192477
99;2012;F;85;38;2490,5;1525,79803252359
99;2012;F;86;30;2262;1282,05128205128
99;2012;F;87;36;2031;1723,2890201871
99;2012;F;88;41;1781,5;2245,29890541678
99;2012;F;89;32;1674,5;1911,01821439236
99;2012;F;9;1;3365,5;29,7132669737038
99;2012;F;90;24;1546,5;1551,89136760427
99;2012;F;91;28;1387;2018,74549387167
99;2012;F;92;8;911,5;877,674163466813
99;2012;F;93;12;500,5;2397,6023976024
99;2012;F;94;6;359,5;1668,98470097357
99;2012;F;95;4;245;1632,65306122449
99;2012;F;96;1;211;473,9336492891
99;2012;F;97;4;242,5;1649,48453608247
99;2012;F;98;4;224;1785,71428571429
99;2012;F;99;1;372;268,817204301075
99;2012;M;0;2;2930;68,259385665529
99;2012;M;1;0;3195;0
99;2012;M;10;1;3582;0
99;2012;M;11;2;3787,5;26,4026402640264
99;2012;M;12;0;3737;0
99;2012;M;13;0;3696;0
99;2012;M;14;3;3660;81,9672131147541
99;2012;M;15;1;3720,5;26,8781077812122
99;2012;M;16;0;3779,5;0
99;2012;M;17;1;3520;28,4090909090909
99;2012;M;18;1;3157,5;31,6706254948535
99;2012;M;19;2;3190;62,6959247648903
99;2012;M;2;0;3318;0
99;2012;M;20;3;3323,5;60,1775236949
99;2012;M;21;0;3221;0
99;2012;M;22;2;3149;63,5122261035249
99;2012;M;23;0;3170,5;0
99;2012;M;24;0;3013;0
99;2012;M;25;5;3039,5;164,500740253331
99;2012;M;26;2;3050;65,5737704918033
99;2012;M;27;1;2916,5;34,2876735813475
99;2012;M;28;1;2875;34,7826086956522
99;2012;M;29;2;3093;64,6621403168445
99;2012;M;3;4;3280;121,951219512195
99;2012;M;30;1;3205,5;31,1963812197785
99;2012;M;31;1;3261,5;30,6607389238081
99;2012;M;32;3;3248;92,3645320197044
99;2012;M;33;5;3172,5;126,083530338849
99;2012;M;34;4;3083;129,743756081739
99;2012;M;35;2;3037;65,8544616397761
99;2012;M;36;4;3175,5;125,964415052748
99;2012;M;37;2;3485,5;57,3805766747956
99;2012;M;38;1;3905;25,6081946222791
99;2012;M;39;6;4161;144,196106705119
99;2012;M;4;0;3264;0
99;2012;M;40;4;4257;70,4721634954193
99;2012;M;41;6;4179,5;119,631534872592
99;2012;M;42;10;4157,5;240,529164161155
99;2012;M;43;9;4115,5;194,387073259628
99;2012;M;44;8;4069,5;196,584346971372
99;2012;M;45;9;4043,5;222,579448497589
99;2012;M;46;11;4091;244,43901246639
99;2012;M;47;8;4074,5;196,343109583998
99;2012;M;48;10;4077,5;245,248313917842
99;2012;M;49;16;4086;367,107195301028
99;2012;M;5;0;3399;0
99;2012;M;50;26;4022,5;646,364201367309
99;2012;M;51;17;4112,5;413,373860182371
99;2012;M;52;27;4124,5;654,624803006425
99;2012;M;53;43;4114,5;1045,08445740673
99;2012;M;54;38;4088;929,549902152642
99;2012;M;55;41;4204,5;975,145677250565
99;2012;M;56;31;4174;718,735026353618
99;2012;M;57;36;4122;849,102377486657
99;2012;M;58;51;4195,5;1191,75306876415
99;2012;M;59;76;4343,5;1749,74099228733
99;2012;M;6;1;3458;28,9184499710815
99;2012;M;60;77;4482;1717,98304328425
99;2012;M;61;92;4600;2000
99;2012;M;62;86;4760;1806,72268907563
99;2012;M;63;80;4898;1633,31972233565
99;2012;M;64;84;4955;1675,07568113017
99;2012;M;65;113;4826,5;2341,2410649539
99;2012;M;66;87;4138;2102,46495891735
99;2012;M;67;76;3422;2220,92343658679
99;2012;M;68;96;3486;2753,87263339071
99;2012;M;69;98;3390,5;2860,93496534434
99;2012;M;7;1;3382,5;29,5639320029564
99;2012;M;70;81;2939;2756,03946920721
99;2012;M;71;68;2673;2543,95809951365
99;2012;M;72;66;2765;2386,9801084991
99;2012;M;73;76;2780,5;2733,32134508182
99;2012;M;74;82;2703,5;2996,11614573701
99;2012;M;75;72;2670,5;2696,12432128815
99;2012;M;76;69;2647,5;2606,23229461756
99;2012;M;77;94;2509;3746,51255480271
99;2012;M;78;57;2384,5;2390,43824701195
99;2012;M;79;54;2325,5;2322,08127284455
99;2012;M;8;2;3526;28,3607487237663
99;2012;M;80;58;2259;2567,50774679062
99;2012;M;81;63;2140;2943,92523364486
99;2012;M;82;55;1951,5;2818,34486292595
99;2012;M;83;56;1790;3128,49162011173
99;2012;M;84;51;1619;3150,09264978382
99;2012;M;85;33;1426,5;2243,25271643884
99;2012;M;86;45;1253,5;3510,17151974471
99;2012;M;87;29;1127;2573,20319432121
99;2012;M;88;35;983;3560,52899287894
99;2012;M;89;20;799,5;2501,56347717323
99;2012;M;9;2;3544;56,4334085778781
99;2012;M;90;15;694;2161,38328530259
99;2012;M;91;14;565,5;2475,68523430592
99;2012;M;92;8;351;1994,30199430199
99;2012;M;93;3;196;1530,61224489796
99;2012;M;94;1;126,5;790,513833992095
99;2012;M;95;1;76;1315,78947368421
99;2012;M;96;1;57,5;1739,13043478261
99;2012;M;97;1;52;1923,07692307692
99;2012;M;98;0;44,5;0
99;2012;M;99;3;79,5;3773,58490566038
99;2013;F;0;1;2756,5;36,2778886268819
99;2013;F;1;0;2950,5;0
99;2013;F;10;1;3427,5;0
99;2013;F;11;0;3459,5;0
99;2013;F;12;0;3650,5;0
99;2013;F;13;1;3610,5;27,6969948760559
99;2013;F;14;1;3505,5;0
99;2013;F;15;0;3350;0
99;2013;F;16;1;3276;30,5250305250305
99;2013;F;17;0;3364;0
99;2013;F;18;0;3125,5;0
99;2013;F;19;3;2877,5;69,5047784535187
99;2013;F;2;2;3091,5;64,6935144751739
99;2013;F;20;0;2873,5;0
99;2013;F;21;0;2836,5;0
99;2013;F;22;1;2793,5;35,7973867907643
99;2013;F;23;0;2856,5;0
99;2013;F;24;0;2918;0
99;2013;F;25;3;2874;104,384133611691
99;2013;F;26;2;2957,5;67,6246830092984
99;2013;F;27;3;2984;100,536193029491
99;2013;F;28;3;2973,5;100,891205649908
99;2013;F;29;2;3009;66,4672648720505
99;2013;F;3;0;3186,5;0
99;2013;F;30;2;3170;31,5457413249211
99;2013;F;31;4;3423,5;116,839491748211
99;2013;F;32;4;3541,5;112,946491599605
99;2013;F;33;5;3430,5;145,751348199971
99;2013;F;34;8;3248,5;215,484069570571
99;2013;F;35;5;3227,5;123,934934159566
99;2013;F;36;4;3271;122,286762457964
99;2013;F;37;12;3419,5;350,928498318468
99;2013;F;38;6;3589,5;167,154199749269
99;2013;F;39;10;3898;256,54181631606
99;2013;F;4;2;3222;62,0732464307883
99;2013;F;40;16;4236;377,714825306893
99;2013;F;41;8;4435;180,383314543405
99;2013;F;42;15;4328;323,475046210721
99;2013;F;43;18;4195;429,082240762813
99;2013;F;44;17;4183,5;406,358312417832
99;2013;F;45;20;4089,5;489,057341973346
99;2013;F;46;22;4304,5;511,093042165176
99;2013;F;47;22;4397;500,341141687514
99;2013;F;48;33;4395;728,100113765643
99;2013;F;49;20;4372,5;457,404230989137
99;2013;F;5;0;3183;0
99;2013;F;50;26;4257,5;587,199060481503
99;2013;F;51;22;4350,5;482,703137570394
99;2013;F;52;34;4363;779,280311712125
99;2013;F;53;28;4358,5;642,422851898589
99;2013;F;54;26;4375,5;594,217803679579
99;2013;F;55;29;4462;649,932765575975
99;2013;F;56;46;4632;971,502590673575
99;2013;F;57;29;4737;612,201815495039
99;2013;F;58;36;4836,5;744,339915227954
99;2013;F;59;38;4911;773,77316228874
99;2013;F;6;0;3217;0
99;2013;F;60;38;4891;776,937231649969
99;2013;F;61;39;5014;757,877941763063
99;2013;F;62;60;5255,5;1141,66111692513
99;2013;F;63;63;5336;1180,65967016492
99;2013;F;64;56;5436,5;1030,07449645912
99;2013;F;65;65;5537,5;1155,75620767494
99;2013;F;66;64;5475;1168,9497716895
99;2013;F;67;62;4614;1343,73645426961
99;2013;F;68;40;3905,5;1024,19664575599
99;2013;F;69;56;3854,5;1452,84732131275
99;2013;F;7;1;3350;29,8507462686567
99;2013;F;70;32;3558;899,38167509837
99;2013;F;71;40;3207,5;1247,07716289945
99;2013;F;72;37;3075,5;1203,05641359129
99;2013;F;73;51;3228,5;1548,70682979712
99;2013;F;74;37;3287,5;1095,05703422053
99;2013;F;75;47;3159;1487,81259892371
99;2013;F;76;39;3190;1222,57053291536
99;2013;F;77;45;3189,5;1410,87944818937
99;2013;F;78;44;3159;1392,84583729028
99;2013;F;79;44;3154;1395,05389980977
99;2013;F;8;0;3416;0
99;2013;F;80;34;3051;1081,61258603736
99;2013;F;81;51;2982;1676,72702883971
99;2013;F;82;47;2981,5;1576,38772429985
99;2013;F;83;42;2891,5;1417,94916133495
99;2013;F;84;48;2644;1777,60968229955
99;2013;F;85;32;2484;1288,24476650564
99;2013;F;86;37;2326;1590,71367153912
99;2013;F;87;35;2131,5;1642,03612479475
99;2013;F;88;28;1845;1517,61517615176
99;2013;F;89;24;1641,5;1462,07736826074
99;2013;F;9;2;3330,5;30,0255216934394
99;2013;F;90;28;1525,5;1835,46378236644
99;2013;F;91;25;1378;1814,22351233672
99;2013;F;92;16;1212,5;1319,58762886598
99;2013;F;93;10;761;1182,6544021025
99;2013;F;94;7;418,5;1672,6403823178
99;2013;F;95;2;293;682,59385665529
99;2013;F;96;3;192,5;1558,44155844156
99;2013;F;97;4;160;1875
99;2013;F;98;2;188,5;1061,00795755968
99;2013;F;99;4;412;970,873786407767
99;2013;M;0;1;2854,5;0
99;2013;M;1;1;3080;32,4675324675325
99;2013;M;10;0;3583,5;0
99;2013;M;11;2;3675;27,2108843537415
99;2013;M;12;1;3832,5;26,0926288323549
99;2013;M;13;1;3807,5;0
99;2013;M;14;1;3724;26,8528464017186
99;2013;M;15;0;3696,5;0
99;2013;M;16;2;3764,5;26,5639527161642
99;2013;M;17;1;3783,5;26,4305537201004
99;2013;M;18;3;3485;57,3888091822095
99;2013;M;19;0;3112;0
99;2013;M;2;1;3210;31,1526479750779
99;2013;M;20;3;3157;63,351282863478
99;2013;M;21;1;3182;0
99;2013;M;22;3;3048,5;98,4090536329342
99;2013;M;23;5;2991;167,168171180207
99;2013;M;24;1;2977,5;33,5852225020991
99;2013;M;25;3;2956,5;67,6475562320311
99;2013;M;26;2;3023,5;66,1485033901108
99;2013;M;27;1;3005;33,2778702163062
99;2013;M;28;5;2918,5;137,056707212609
99;2013;M;29;4;2935,5;102,197240674502
99;2013;M;3;2;3379,5;59,1803521230951
99;2013;M;30;3;3124;96,0307298335467
99;2013;M;31;1;3300,5;30,298439630359
99;2013;M;32;4;3308,5;90,6755327187547
99;2013;M;33;3;3282;91,4076782449726
99;2013;M;34;8;3228,5;216,818956171597
99;2013;M;35;3;3056,5;98,1514804514968
99;2013;M;36;5;3087;129,575639779721
99;2013;M;37;5;3183;157,084511467169
99;2013;M;38;5;3492;143,184421534937
99;2013;M;39;6;3926;127,356087620988
99;2013;M;4;1;3348,5;29,8641182619083
99;2013;M;40;6;4210,5;142,500890630566
99;2013;M;41;7;4284;163,398692810458
99;2013;M;42;9;4205,5;214,005469028653
99;2013;M;43;5;4180;119,617224880383
99;2013;M;44;11;4114,5;267,347186778466
99;2013;M;45;14;4095,5;341,838603345135
99;2013;M;46;15;4075,5;343,516132989817
99;2013;M;47;8;4104,5;194,908027774394
99;2013;M;48;19;4112,5;437,689969604863
99;2013;M;49;10;4140;241,545893719807
99;2013;M;5;0;3349;0
99;2013;M;50;21;4117;510,080155453
99;2013;M;51;27;4084;661,116552399608
99;2013;M;52;30;4085,5;709,827438502019
99;2013;M;53;26;4140;628,019323671498
99;2013;M;54;22;4121,5;533,78624287274
99;2013;M;55;40;4101,5;975,252956235524
99;2013;M;56;44;4206;1046,12458392772
99;2013;M;57;38;4173,5;910,506768899006
99;2013;M;58;57;4157;1371,18114024537
99;2013;M;59;54;4260,5;1267,45687125924
99;2013;M;6;1;3450,5;0
99;2013;M;60;67;4453,5;1504,43471426968
99;2013;M;61;63;4556;1382,79192273924
99;2013;M;62;73;4665;1564,84458735263
99;2013;M;63;75;4824,5;1554,56523992124
99;2013;M;64;91;4976;1828,77813504823
99;2013;M;65;96;4940,5;1943,12316567149
99;2013;M;66;114;4879;2316,04837056774
99;2013;M;67;88;4165;2112,84513805522
99;2013;M;68;72;3441,5;2063,0539009153
99;2013;M;69;97;3485,5;2754,26768039019
99;2013;M;7;0;3522;0
99;2013;M;70;79;3374;2341,43449911085
99;2013;M;71;80;2910,5;2748,66861364027
99;2013;M;72;55;2659,5;2068,05790562136
99;2013;M;73;80;2721,5;2939,55539224692
99;2013;M;74;80;2747,5;2911,73794358508
99;2013;M;75;71;2664;2665,16516516517
99;2013;M;76;74;2606,5;2839,05620563975
99;2013;M;77;64;2562,5;2458,53658536585
99;2013;M;78;72;2440,5;2950,21511985249
99;2013;M;79;73;2302,5;3127,03583061889
99;2013;M;8;1;3496,5;28,6000286000286
99;2013;M;80;56;2217,5;2525,36640360767
99;2013;M;81;51;2139;2384,29172510519
99;2013;M;82;70;2016;3472,22222222222
99;2013;M;83;40;1820,5;2142,26860752541
99;2013;M;84;50;1642;2984,16565164434
99;2013;M;85;46;1481;3106,00945307225
99;2013;M;86;41;1297;3161,14109483423
99;2013;M;87;34;1132,5;2913,90728476821
99;2013;M;88;26;1002,5;2593,51620947631
99;2013;M;89;20;861,5;2321,53221125943
99;2013;M;9;1;3586;0
99;2013;M;90;14;703;1991,46514935989
99;2013;M;91;11;570;1929,82456140351
99;2013;M;92;14;451,5;3100,77519379845
99;2013;M;93;4;281,5;1420,95914742451
99;2013;M;94;1;156;641,025641025641
99;2013;M;95;5;91,5;4371,58469945355
99;2013;M;96;1;61;1639,34426229508
99;2013;M;97;1;39,5;0
99;2013;M;98;1;31,5;3174,60317460317
99;2013;M;99;2;77,5;1290,32258064516
99;2014;F;0;3;2732,5;73,1930466605672
99;2014;F;1;1;2859,5;34,9711488022382
99;2014;F;10;1;3407,5;29,3470286133529
99;2014;F;11;1;3426;0
99;2014;F;12;0;3532;0
99;2014;F;13;1;3666;0
99;2014;F;14;1;3648,5;0
99;2014;F;15;1;3556;28,1214848143982
99;2014;F;16;1;3299;30,3122158229767
99;2014;F;17;0;3193,5;0
99;2014;F;18;0;3270,5;0
99;2014;F;19;0;3033,5;0
99;2014;F;2;1;2978,5;33,5739466174249
99;2014;F;20;2;2685;74,487895716946
99;2014;F;21;3;2745,5;109,269714077581
99;2014;F;22;0;2739,5;0
99;2014;F;23;1;2730;36,6300366300366
99;2014;F;24;0;2825;0
99;2014;F;25;1;2875;34,7826086956522
99;2014;F;26;2;2882,5;69,3842150910668
99;2014;F;27;1;2982,5;33,5289186923722
99;2014;F;28;0;2994;0
99;2014;F;29;6;3021;198,609731876862
99;2014;F;3;0;3142,5;0
99;2014;F;30;2;3066;65,2315720808871
99;2014;F;31;3;3241,5;61,6998303254666
99;2014;F;32;8;3489,5;229,259206189999
99;2014;F;33;5;3595;139,082058414465
99;2014;F;34;8;3485;229,555236728838
99;2014;F;35;6;3300,5;181,790637782154
99;2014;F;36;6;3252;184,50184501845
99;2014;F;37;12;3325,5;330,777326717787
99;2014;F;38;8;3452;202,780996523754
99;2014;F;39;15;3642,5;411,805078929307
99;2014;F;4;0;3221;0
99;2014;F;40;13;3966;327,786182551689
99;2014;F;41;9;4287;209,937018894332
99;2014;F;42;20;4471,5;447,277200044728
99;2014;F;43;23;4339,5;530,01497868418
99;2014;F;44;13;4244;282,752120640905
99;2014;F;45;28;4232,5;661,547548730065
99;2014;F;46;14;4174,5;335,36950532998
99;2014;F;47;14;4346,5;299,091222822961
99;2014;F;48;31;4417,5;701,754385964912
99;2014;F;49;30;4433,5;676,66629074095
99;2014;F;5;0;3250;0
99;2014;F;50;22;4360,5;504,529297098957
99;2014;F;51;26;4280,5;584,043920102792
99;2014;F;52;33;4332;761,772853185596
99;2014;F;53;33;4402,5;726,859738784781
99;2014;F;54;39;4351,5;873,262093530966
99;2014;F;55;34;4423,5;768,622131796089
99;2014;F;56;23;4512,5;509,695290858726
99;2014;F;57;33;4724;677,392040643522
99;2014;F;58;35;4810;727,650727650728
99;2014;F;59;41;4918;813,338755591704
99;2014;F;6;0;3213,5;0
99;2014;F;60;56;5026;1114,2061281337
99;2014;F;61;43;5040;833,333333333333
99;2014;F;62;55;5177;1043,0751400425
99;2014;F;63;56;5336;1030,73463268366
99;2014;F;64;56;5414,5;1034,25985778927
99;2014;F;65;61;5481;1112,93559569422
99;2014;F;66;65;5625,5;1155,45284863568
99;2014;F;67;59;5500;1072,72727272727
99;2014;F;68;55;4603;1194,87290897241
99;2014;F;69;57;3905;1459,66709346991
99;2014;F;7;1;3266;0
99;2014;F;70;30;3854;778,412039439543
99;2014;F;71;58;3577,5;1593,29140461216
99;2014;F;72;38;3179,5;1195,15647114326
99;2014;F;73;43;3041,5;1380,89758342923
99;2014;F;74;44;3194,5;1377,36735013304
99;2014;F;75;36;3241,5;1110,5969458584
99;2014;F;76;46;3175;1448,8188976378
99;2014;F;77;50;3168,5;1578,03376992268
99;2014;F;78;51;3133,5;1627,57300143609
99;2014;F;79;44;3087,5;1392,71255060729
99;2014;F;8;1;3439;0
99;2014;F;80;52;3074;1659,0761223162
99;2014;F;81;36;2965,5;1180,23941999663
99;2014;F;82;54;2878;1876,30298818624
99;2014;F;83;51;2896;1761,04972375691
99;2014;F;84;35;2791;1254,03081332856
99;2014;F;85;48;2500,5;1919,61607678464
99;2014;F;86;42;2314;1815,03889369058
99;2014;F;87;25;2174;1149,95400183993
99;2014;F;88;31;1994,5;1554,27425419905
99;2014;F;89;22;1691,5;1241,50162577594
99;2014;F;9;3;3455,5;57,8787440312545
99;2014;F;90;26;1474;1763,90773405699
99;2014;F;91;22;1370;1532,84671532847
99;2014;F;92;15;1192,5;1174,00419287212
99;2014;F;93;15;1020;1470,58823529412
99;2014;F;94;7;643,5;1087,80108780109
99;2014;F;95;2;341;586,510263929619
99;2014;F;96;1;231,5;0
99;2014;F;97;5;154;3246,75324675325
99;2014;F;98;2;118;1694,91525423729
99;2014;F;99;4;413;968,523002421308
99;2014;M;0;0;2802;0
99;2014;M;1;3;3031;65,9848234905972
99;2014;M;10;0;3618;0
99;2014;M;11;0;3606;0
99;2014;M;12;0;3715;0
99;2014;M;13;1;3879;25,779840164991
99;2014;M;14;1;3843,5;26,0179523871471
99;2014;M;15;1;3737,5;0
99;2014;M;16;1;3670;27,2479564032698
99;2014;M;17;0;3719,5;0
99;2014;M;18;0;3754;0
99;2014;M;19;0;3429;0
99;2014;M;2;0;3091,5;0
99;2014;M;20;1;3111;32,1440051430408
99;2014;M;21;1;3078,5;32,4833522819555
99;2014;M;22;1;3038;0
99;2014;M;23;2;2932;68,212824010914
99;2014;M;24;1;2809,5;35,5935219789998
99;2014;M;25;1;2853;35,0508236943568
99;2014;M;26;1;2895,5;34,536349507857
99;2014;M;27;3;2964,5;101,197503794906
99;2014;M;28;0;3019;0
99;2014;M;29;2;2980,5;67,1028350947827
99;2014;M;3;2;3266,5;30,6138068268789
99;2014;M;30;1;2961;33,7723741979061
99;2014;M;31;6;3199,5;156,274417877793
99;2014;M;32;6;3310;181,268882175227
99;2014;M;33;2;3318;60,2772754671489
99;2014;M;34;6;3320,5;150,579731968077
99;2014;M;35;7;3172,5;189,125295508274
99;2014;M;36;4;3093,5;129,303378050752
99;2014;M;37;6;3149,5;158,755357993332
99;2014;M;38;6;3201,5;156,17679212869
99;2014;M;39;7;3525,5;170,188625726847
99;2014;M;4;1;3399;29,4204177699323
99;2014;M;40;7;3950;151,898734177215
99;2014;M;41;7;4231;141,810446702907
99;2014;M;42;3;4308;69,6378830083566
99;2014;M;43;5;4226,5;118,301194842068
99;2014;M;44;6;4173;143,781452192667
99;2014;M;45;8;4114;194,457948468644
99;2014;M;46;7;4114,5;170,130027949933
99;2014;M;47;15;4136;362,669245647969
99;2014;M;48;9;4128,5;217,996851156594
99;2014;M;49;23;4122,5;533,656761673742
99;2014;M;5;0;3411;0
99;2014;M;50;18;4138,5;434,940195723088
99;2014;M;51;34;4078,5;809,121000367782
99;2014;M;52;29;4055;690,505548705302
99;2014;M;53;28;4097;683,426897730046
99;2014;M;54;26;4112;632,295719844358
99;2014;M;55;25;4105,5;584,581658750457
99;2014;M;56;47;4090;1149,14425427873
99;2014;M;57;48;4220;1137,44075829384
99;2014;M;58;52;4189;1241,34638338506
99;2014;M;59;62;4236;1463,64494806421
99;2014;M;6;1;3399;29,4204177699323
99;2014;M;60;52;4373,5;1188,97907854121
99;2014;M;61;60;4534;1323,33480370534
99;2014;M;62;84;4592;1807,49128919861
99;2014;M;63;84;4716,5;1780,98166012933
99;2014;M;64;82;4952;1655,89660743134
99;2014;M;65;97;4994,5;1942,13634998498
99;2014;M;66;121;4970,5;2434,36274016699
99;2014;M;67;90;4901;1836,3599265456
99;2014;M;68;94;4180,5;2248,53486425069
99;2014;M;69;75;3418,5;2193,94471259324
99;2014;M;7;2;3480,5;57,4630081884787
99;2014;M;70;88;3441,5;2557,02455324713
99;2014;M;71;100;3342;2992,22022740874
99;2014;M;72;86;2883,5;2982,48656147044
99;2014;M;73;69;2603,5;2650,27847128865
99;2014;M;74;66;2701;2443,5394298408
99;2014;M;75;78;2690,5;2899,08938858948
99;2014;M;76;72;2603,5;2727,0981371231
99;2014;M;77;72;2534,5;2840,79700138094
99;2014;M;78;65;2492,5;2607,82347041123
99;2014;M;79;72;2377;2986,95835086243
99;2014;M;8;0;3620,5;0
99;2014;M;80;57;2202,5;2542,56526674234
99;2014;M;81;52;2095;2482,10023866348
99;2014;M;82;58;2044;2837,57338551859
99;2014;M;83;63;1867,5;3373,49397590361
99;2014;M;84;46;1667,5;2758,62068965517
99;2014;M;85;52;1507,5;3449,41956882255
99;2014;M;86;37;1352,5;2661,73752310536
99;2014;M;87;38;1176,5;3229,9192520187
99;2014;M;88;26;994;2615,69416498994
99;2014;M;89;28;886;3160,27088036117
99;2014;M;9;0;3534;0
99;2014;M;90;19;749;2536,71562082777
99;2014;M;91;15;597;2345,05862646566
99;2014;M;92;10;457,5;1967,2131147541
99;2014;M;93;9;343;2623,90670553936
99;2014;M;94;6;229,5;2614,37908496732
99;2014;M;95;2;121,5;1646,09053497942
99;2014;M;96;1;73;1369,86301369863
99;2014;M;97;3;42,5;4705,88235294118
99;2014;M;98;0;24;0
99;2014;M;99;1;71;1408,45070422535
99;2015;F;0;0;2672,5;0
99;2015;F;1;0;2822,5;0
99;2015;F;10;0;3473,5;0
99;2015;F;11;0;3457;0
99;2015;F;12;1;3473;0
99;2015;F;13;2;3586,5;27,882336539802
99;2015;F;14;2;3687,5;54,2372881355932
99;2015;F;15;0;3713;0
99;2015;F;16;1;3413,5;29,2954445583712
99;2015;F;17;1;3149;31,7561130517625
99;2015;F;18;1;3065;32,626427406199
99;2015;F;19;3;3106;96,5872504829363
99;2015;F;2;1;2914,5;34,3112026076514
99;2015;F;20;1;2824,5;35,4044963710391
99;2015;F;21;0;2631,5;0
99;2015;F;22;1;2699;37,0507595405706
99;2015;F;23;1;2658;37,6222723852521
99;2015;F;24;2;2698;74,1289844329133
99;2015;F;25;1;2818,5;35,4798651765123
99;2015;F;26;4;2890;138,40830449827
99;2015;F;27;2;2915;68,6106346483705
99;2015;F;28;4;3046;131,319763624425
99;2015;F;29;5;3060,5;163,371998039536
99;2015;F;3;2;3060;65,359477124183
99;2015;F;30;5;3092;161,707632600259
99;2015;F;31;4;3157;95,026924295217
99;2015;F;32;4;3322;120,409391932571
99;2015;F;33;5;3531,5;141,582896786068
99;2015;F;34;8;3688,5;216,890334824454
99;2015;F;35;11;3562;280,741156653565
99;2015;F;36;7;3373;207,530388378298
99;2015;F;37;6;3308,5;181,351065437509
99;2015;F;38;9;3378;266,429840142096
99;2015;F;39;14;3478,5;402,472330027311
99;2015;F;4;0;3208;0
99;2015;F;40;9;3707;242,783922309145
99;2015;F;41;12;4003;299,775168623532
99;2015;F;42;22;4325;485,549132947977
99;2015;F;43;11;4508,5;221,803260507929
99;2015;F;44;19;4383,5;433,443595300559
99;2015;F;45;18;4323,5;416,329362784781
99;2015;F;46;19;4271;421,446967923203
99;2015;F;47;21;4209;498,930862437634
99;2015;F;48;24;4378,5;548,132922233642
99;2015;F;49;28;4421,5;610,652493497682
99;2015;F;5;0;3260,5;0
99;2015;F;50;29;4434;631,48398737032
99;2015;F;51;25;4377,5;571,102227298686
99;2015;F;52;37;4291;862,269867163831
99;2015;F;53;28;4376;639,853747714808
99;2015;F;54;28;4428,5;632,268262391329
99;2015;F;55;35;4375,5;799,908581876357
99;2015;F;56;29;4486;624,164065983058
99;2015;F;57;37;4612;802,25498699046
99;2015;F;58;40;4793,5;834,463335767185
99;2015;F;59;33;4896,5;673,950781170224
99;2015;F;6;0;3288;0
99;2015;F;60;46;5039,5;892,945728742931
99;2015;F;61;47;5150,5;912,532763809339
99;2015;F;62;57;5158;1085,69212873207
99;2015;F;63;48;5267,5;911,24822021832
99;2015;F;64;53;5370,5;968,252490457127
99;2015;F;65;51;5499,5;909,173561232839
99;2015;F;66;59;5548,5;1045,32756600883
99;2015;F;67;64;5607;1123,59550561798
99;2015;F;68;60;5502,5;1090,41344843253
99;2015;F;69;57;4571,5;1246,85551788253
99;2015;F;7;2;3255;61,4439324116743
99;2015;F;70;40;3894;1001,54083204931
99;2015;F;71;63;3866;1629,59130884635
99;2015;F;72;59;3534,5;1669,26014995049
99;2015;F;73;46;3158,5;1456,38752572424
99;2015;F;74;36;3013,5;1194,62419113987
99;2015;F;75;44;3154,5;1363,13203360279
99;2015;F;76;46;3239;1420,19141710404
99;2015;F;77;60;3144;1908,39694656489
99;2015;F;78;39;3149,5;1238,29179234799
99;2015;F;79;29;3057,5;948,487326246934
99;2015;F;8;2;3325,5;60,1413321305067
99;2015;F;80;49;3038;1612,90322580645
99;2015;F;81;55;2958;1825,55780933063
99;2015;F;82;52;2832;1836,1581920904
99;2015;F;83;43;2805;1532,97682709447
99;2015;F;84;49;2759,5;1775,68400072477
99;2015;F;85;31;2656,5;1129,30547713156
99;2015;F;86;35;2371,5;1475,85916086865
99;2015;F;87;48;2150;2186,04651162791
99;2015;F;88;30;2037,5;1423,31288343558
99;2015;F;89;34;1813,5;1874,82768127929
99;2015;F;9;1;3489,5;0
99;2015;F;90;33;1507;2189,78102189781
99;2015;F;91;19;1335;1423,22097378277
99;2015;F;92;21;1183,5;1689,90283058724
99;2015;F;93;15;1025,5;1462,70112140419
99;2015;F;94;11;869,5;1265,09488211616
99;2015;F;95;9;513,5;1752,67770204479
99;2015;F;96;6;264,5;2268,43100189036
99;2015;F;97;2;186;1075,2688172043
99;2015;F;98;2;109;1834,8623853211
99;2015;F;99;1;349;286,532951289398
99;2015;M;0;1;2673;37,4111485222596
99;2015;M;1;0;2986,5;0
99;2015;M;10;1;3578,5;0
99;2015;M;11;1;3612;27,6854928017719
99;2015;M;12;0;3608,5;0
99;2015;M;13;0;3797;0
99;2015;M;14;2;3894,5;51,3544742585698
99;2015;M;15;1;3889,5;0
99;2015;M;16;2;3640;27,4725274725275
99;2015;M;17;2;3518,5;56,8424044337075
99;2015;M;18;3;3586;55,7724484104852
99;2015;M;19;0;3576,5;0
99;2015;M;2;1;3031,5;32,986970146792
99;2015;M;20;3;3280;91,4634146341463
99;2015;M;21;0;3039,5;0
99;2015;M;22;1;2968,5;0
99;2015;M;23;1;2931,5;34,1122292341805
99;2015;M;24;1;2847,5;35,1185250219491
99;2015;M;25;0;2773;0
99;2015;M;26;3;2795;71,5563506261181
99;2015;M;27;3;2888,5;69,240090012117
99;2015;M;28;2;3003,5;66,5889795238888
99;2015;M;29;4;3049;131,190554280092
99;2015;M;3;0;3144,5;0
99;2015;M;30;0;2979;0
99;2015;M;31;3;3064,5;97,8952520802741
99;2015;M;32;4;3213,5;124,474871635289
99;2015;M;33;4;3334;119,97600479904
99;2015;M;34;2;3392,5;29,4767870302137
99;2015;M;35;5;3324;150,421179302046
99;2015;M;36;4;3254,5;122,906744507605
99;2015;M;37;3;3209;93,4870676223123
99;2015;M;38;6;3233,5;154,631204577084
99;2015;M;39;4;3249;92,3361034164358
99;2015;M;4;2;3308,5;30,2251775729182
99;2015;M;40;5;3554;112,549240292628
99;2015;M;41;5;3954,5;126,43823492224
99;2015;M;42;10;4245,5;235,543516664704
99;2015;M;43;11;4305;255,516840882695
99;2015;M;44;9;4249;211,814544598729
99;2015;M;45;12;4189,5;286,430361618332
99;2015;M;46;16;4106;389,673648319532
99;2015;M;47;14;4160,5;312,462444417738
99;2015;M;48;11;4141;265,636319729534
99;2015;M;49;16;4120,5;364,033491081179
99;2015;M;5;0;3440;0
99;2015;M;50;27;4138,5;652,410293584632
99;2015;M;51;24;4088,5;562,553503729974
99;2015;M;52;21;4060,5;517,177687476912
99;2015;M;53;24;4069;565,249447038584
99;2015;M;54;43;4076;1054,9558390579
99;2015;M;55;40;4096;976,5625
99;2015;M;56;39;4079;931,600882569257
99;2015;M;57;41;4139,5;990,457784756613
99;2015;M;58;62;4229,5;1465,89431374867
99;2015;M;59;52;4227;1206,52945351313
99;2015;M;6;2;3485;28,6944045911047
99;2015;M;60;62;4369,5;1418,92665064653
99;2015;M;61;67;4461;1479,48890383322
99;2015;M;62;79;4611,5;1713,10853301529
99;2015;M;63;84;4623;1795,3709712308
99;2015;M;64;85;4818,5;1764,03445055515
99;2015;M;65;115;5008;2296,32587859425
99;2015;M;66;108;4990,5;2164,11181244364
99;2015;M;67;101;4942;2023,47227842979
99;2015;M;68;112;4882;2294,1417451864
99;2015;M;69;87;4156,5;2069,04847828702
99;2015;M;7;1;3426;0
99;2015;M;70;110;3370;3234,42136498516
99;2015;M;71;76;3377,5;2250,18504811251
99;2015;M;72;94;3306;2843,31518451301
99;2015;M;73;72;2832,5;2541,92409532215
99;2015;M;74;84;2548,5;3296,05650382578
99;2015;M;75;79;2595;3044,31599229287
99;2015;M;76;91;2647,5;3437,20491029273
99;2015;M;77;78;2511,5;3105,71371690225
99;2015;M;78;83;2451;3386,37290901673
99;2015;M;79;74;2410;3070,53941908714
99;2015;M;8;0;3559,5;0
99;2015;M;80;73;2279,5;3202,45667909629
99;2015;M;81;71;2070;3429,95169082126
99;2015;M;82;86;1982;4339,05146316852
99;2015;M;83;85;1914;4388,71473354232
99;2015;M;84;51;1705;2932,55131964809
99;2015;M;85;62;1541,5;4022,0564385339
99;2015;M;86;48;1366;3513,90922401171
99;2015;M;87;34;1201;2830,97418817652
99;2015;M;88;34;1030;3203,88349514563
99;2015;M;89;28;840,5;3331,3503866746
99;2015;M;9;0;3633;0
99;2015;M;90;24;766;3133,1592689295
99;2015;M;91;17;629;2543,72019077901
99;2015;M;92;15;484,5;3095,97523219814
99;2015;M;93;11;355;3098,59154929577
99;2015;M;94;3;281;1067,61565836299
99;2015;M;95;6;182;3296,7032967033
99;2015;M;96;1;93,5;1069,51871657754
99;2015;M;97;2;51,5;1941,74757281553
99;2015;M;98;1;31,5;3174,60317460317
99;2015;M;99;0;59;0
99;2016;F;0;0;2573;0
99;2016;F;1;0;2814,5;0
99;2016;F;10;1;3506,5;28,518465706545
99;2016;F;11;1;3512;0
99;2016;F;12;0;3486,5;0
99;2016;F;13;1;3536;28,2805429864253
99;2016;F;14;3;3582;55,8347292015634
99;2016;F;15;0;3724,5;0
99;2016;F;16;3;3617;55,2944429084877
99;2016;F;17;1;3237;30,8928019771393
99;2016;F;18;1;3002,5;33,3055786844296
99;2016;F;19;2;2878;34,7463516330785
99;2016;F;2;1;2883,5;0
99;2016;F;20;1;2896;34,5303867403315
99;2016;F;21;1;2681,5;37,2925601342532
99;2016;F;22;3;2603,5;115,22949875168
99;2016;F;23;3;2575;77,6699029126214
99;2016;F;24;1;2602,5;38,4245917387128
99;2016;F;25;2;2686;74,4601638123604
99;2016;F;26;3;2818,5;70,9597303530247
99;2016;F;27;2;2898,5;69,0012075211316
99;2016;F;28;2;2946,5;67,8771423723061
99;2016;F;29;3;3054,5;98,2157472581437
99;2016;F;3;0;2974,5;0
99;2016;F;30;4;3122;128,122998078155
99;2016;F;31;3;3171,5;94,5924641336907
99;2016;F;32;6;3225;186,046511627907
99;2016;F;33;5;3360,5;148,787382829936
99;2016;F;34;3;3665;81,8553888130969
99;2016;F;35;2;3758;53,2197977647685
99;2016;F;36;5;3638;137,438152831226
99;2016;F;37;6;3472;172,811059907834
99;2016;F;38;7;3361,5;178,491744756805
99;2016;F;39;7;3422;204,558737580362
99;2016;F;4;1;3129;31,9590923617769
99;2016;F;40;12;3504,5;342,4168925667
99;2016;F;41;11;3757;292,786797977109
99;2016;F;42;28;4072,5;687,538367096378
99;2016;F;43;18;4389;410,116199589884
99;2016;F;44;17;4524,5;375,732125096696
99;2016;F;45;19;4428,5;406,45816868014
99;2016;F;46;17;4357;390,176727105807
99;2016;F;47;26;4267;609,327396297164
99;2016;F;48;27;4262;610,042233693102
99;2016;F;49;29;4374,5;662,932906617899
99;2016;F;5;1;3237,5;30,8880308880309
99;2016;F;50;36;4428,5;812,91633736028
99;2016;F;51;26;4433,5;586,444118642156
99;2016;F;52;34;4413,5;770,363656961595
99;2016;F;53;29;4303;673,948408087381
99;2016;F;54;29;4398,5;659,315675798568
99;2016;F;55;26;4463,5;560,098577349613
99;2016;F;56;37;4431;835,025953509366
99;2016;F;57;37;4532,5;816,326530612245
99;2016;F;58;42;4702,5;893,141945773525
99;2016;F;59;38;4890,5;777,016664962683
99;2016;F;6;1;3307,5;30,2343159486017
99;2016;F;60;47;4975,5;924,530197970053
99;2016;F;61;57;5137;1109,59704107456
99;2016;F;62;39;5272,5;739,687055476529
99;2016;F;63;44;5241;820,454111810723
99;2016;F;64;55;5288;1040,09077155825
99;2016;F;65;63;5510;1143,37568058076
99;2016;F;66;50;5537;903,016073686112
99;2016;F;67;77;5518;1377,31061978978
99;2016;F;68;67;5643;1187,3117136275
99;2016;F;69;66;5488,5;1202,51434818256
99;2016;F;7;0;3335,5;0
99;2016;F;70;72;4498,5;1578,3038790708
99;2016;F;71;48;3906,5;1228,72136183284
99;2016;F;72;53;3840,5;1380,02864210389
99;2016;F;73;52;3538;1441,49236856981
99;2016;F;74;56;3138,5;1784,29185916839
99;2016;F;75;43;2989,5;1438,36762000334
99;2016;F;76;26;3126;831,733845169546
99;2016;F;77;43;3184,5;1350,29046946145
99;2016;F;78;49;3143,5;1526,96039446477
99;2016;F;79;45;3089;1456,7821301392
99;2016;F;8;0;3312,5;0
99;2016;F;80;59;3006;1929,4743845642
99;2016;F;81;46;2959,5;1554,31660753506
99;2016;F;82;49;2829,5;1731,75472698357
99;2016;F;83;45;2771;1587,87441356911
99;2016;F;84;42;2687,5;1562,79069767442
99;2016;F;85;40;2623,5;1524,68076996379
99;2016;F;86;48;2533;1894,98618239242
99;2016;F;87;27;2208,5;1222,54924156667
99;2016;F;88;30;2018,5;1436,71042853604
99;2016;F;89;32;1836,5;1742,44486795535
99;2016;F;9;1;3363;29,7353553374963
99;2016;F;90;17;1641,5;1035,63813585136
99;2016;F;91;19;1341,5;1416,32500931793
99;2016;F;92;17;1178;1358,23429541596
99;2016;F;93;10;1028;875,486381322957
99;2016;F;94;11;873,5;1144,81969089868
99;2016;F;95;8;708,5;1129,14608327452
99;2016;F;96;5;424;1179,24528301887
99;2016;F;97;5;206,5;2421,30750605327
99;2016;F;98;1;134;746,268656716418
99;2016;F;99;2;291,5;686,106346483705
99;2016;M;0;1;2605,5;38,3803492611783
99;2016;M;1;1;2857;0
99;2016;M;10;0;3709;0
99;2016;M;11;0;3577;0
99;2016;M;12;1;3609,5;27,7046682365979
99;2016;M;13;0;3713,5;0
99;2016;M;14;2;3810;52,49343832021
99;2016;M;15;1;3993,5;0
99;2016;M;16;1;4019;24,8818113958696
99;2016;M;17;2;3584;55,8035714285714
99;2016;M;18;1;3422;29,2226767971946
99;2016;M;19;0;3404;0
99;2016;M;2;1;3027,5;0
99;2016;M;20;1;3361,5;29,7486241261342
99;2016;M;21;0;3042;0
99;2016;M;22;1;2886;34,6500346500346
99;2016;M;23;2;2805;71,301247771836
99;2016;M;24;3;2806;71,2758374910905
99;2016;M;25;1;2761;36,2187613183629
99;2016;M;26;0;2690;0
99;2016;M;27;2;2772;72,1500721500721
99;2016;M;28;2;2885;69,3240901213172
99;2016;M;29;2;3033;65,9413122321134
99;2016;M;3;0;3080;0
99;2016;M;30;1;3020,5;33,107101473266
99;2016;M;31;3;3080;97,4025974025974
99;2016;M;32;3;3082,5;97,323600973236
99;2016;M;33;1;3250;30,7692307692308
99;2016;M;34;6;3413;175,79841781424
99;2016;M;35;4;3432;116,550116550117
99;2016;M;36;8;3439,5;232,591946503852
99;2016;M;37;5;3328;120,192307692308
99;2016;M;38;0;3294;0
99;2016;M;39;5;3258,5;153,444836581249
99;2016;M;4;0;3236,5;0
99;2016;M;40;3;3306,5;90,7303795554211
99;2016;M;41;2;3593,5;55,6560456379574
99;2016;M;42;4;3968,5;100,793750787451
99;2016;M;43;6;4283,5;140,072370724875
99;2016;M;44;6;4335;138,40830449827
99;2016;M;45;8;4307,5;162,50725478816
99;2016;M;46;10;4174;239,578342117873
99;2016;M;47;8;4101;195,074372104365
99;2016;M;48;18;4168,5;431,810003598417
99;2016;M;49;17;4132,5;411,373260738052
99;2016;M;5;1;3368,5;0
99;2016;M;50;15;4145;361,881785283474
99;2016;M;51;28;4129,5;678,048189853493
99;2016;M;52;25;4107,5;584,297017650639
99;2016;M;53;28;4081;686,106346483705
99;2016;M;54;28;4075,5;687,032265979634
99;2016;M;55;36;4071;884,303610906411
99;2016;M;56;38;4076;932,286555446516
99;2016;M;57;44;4114;1069,51871657754
99;2016;M;58;47;4141,5;1134,8545213087
99;2016;M;59;65;4271,5;1521,71368371766
99;2016;M;6;1;3486,5;28,6820593718629
99;2016;M;60;57;4325;1317,91907514451
99;2016;M;61;63;4437,5;1397,18309859155
99;2016;M;62;103;4573;2230,48327137546
99;2016;M;63;85;4673,5;1797,36813951
99;2016;M;64;78;4686,5;1664,35506241331
99;2016;M;65;116;4850,5;2391,50603030615
99;2016;M;66;107;5020,5;2131,2618265113
99;2016;M;67;124;4955,5;2502,27020482292
99;2016;M;68;111;4930,5;2231,01105364568
99;2016;M;69;118;4884,5;2415,80509775821
99;2016;M;7;2;3516;56,8828213879408
99;2016;M;70;115;4103,5;2778,11624223224
99;2016;M;71;112;3302,5;3361,09008327025
99;2016;M;72;101;3353,5;3011,77873863128
99;2016;M;73;80;3221,5;2483,31522582648
99;2016;M;74;94;2781;3344,12081984898
99;2016;M;75;73;2478,5;2945,32983659471
99;2016;M;76;68;2562,5;2653,65853658537
99;2016;M;77;82;2547,5;3218,84200196271
99;2016;M;78;94;2437;3816,16741895773
99;2016;M;79;73;2349,5;3064,48180463928
99;2016;M;8;1;3499;28,5795941697628
99;2016;M;80;57;2297;2481,49760557249
99;2016;M;81;63;2151;2882,38028823803
99;2016;M;82;71;1948;3593,42915811088
99;2016;M;83;64;1873,5;3362,6901521217
99;2016;M;84;51;1763,5;2891,97618372555
99;2016;M;85;48;1580,5;3037,0136032901
99;2016;M;86;38;1395;2724,01433691756
99;2016;M;87;35;1210,5;2808,75671210244
99;2016;M;88;32;1050;2952,38095238095
99;2016;M;89;19;863,5;2200,34742327736
99;2016;M;9;1;3568;0
99;2016;M;90;23;712;3230,33707865169
99;2016;M;91;14;638;2194,35736677116
99;2016;M;92;18;519,5;3464,87006737247
99;2016;M;93;14;379,5;3425,55994729908
99;2016;M;94;5;285;1754,38596491228
99;2016;M;95;4;230;1739,13043478261
99;2016;M;96;4;132,5;3018,8679245283
99;2016;M;97;4;69;4347,82608695652
99;2016;M;98;0;39,5;0
99;2016;M;99;3;57,5;5217,39130434783
99;2017;F;0;0;2489,5;0
99;2017;F;1;0;2717,5;0
99;2017;F;10;1;3401,5;0
99;2017;F;11;1;3527,5;28,3486888731396
99;2017;F;12;0;3538;0
99;2017;F;13;0;3520;0
99;2017;F;14;1;3519,5;28,4131268646114
99;2017;F;15;0;3601;0
99;2017;F;16;0;3678,5;0
99;2017;F;17;1;3465,5;0
99;2017;F;18;0;3101;0
99;2017;F;19;0;2832;0
99;2017;F;2;0;2837;0
99;2017;F;20;1;2669;0
99;2017;F;21;1;2699;0
99;2017;F;22;0;2622;0
99;2017;F;23;0;2483,5;0
99;2017;F;24;3;2497,5;80,0800800800801
99;2017;F;25;0;2576;0
99;2017;F;26;4;2682;111,856823266219
99;2017;F;27;0;2826,5;0
99;2017;F;28;1;2891;34,5901072293324
99;2017;F;29;3;2933,5;102,266916652463
99;2017;F;3;0;2917;0
99;2017;F;30;2;3095;64,6203554119548
99;2017;F;31;1;3199;31,2597686777118
99;2017;F;32;3;3217,5;62,1600621600622
99;2017;F;33;8;3263;245,173153539687
99;2017;F;34;4;3473;86,3806507342355
99;2017;F;35;4;3726;107,353730542136
99;2017;F;36;7;3807;183,871815077489
99;2017;F;37;6;3727;134,156157767642
99;2017;F;38;7;3509;199,487033342833
99;2017;F;39;14;3422;409,117475160725
99;2017;F;4;1;3011,5;33,206043499917
99;2017;F;40;16;3444,5;464,508636957468
99;2017;F;41;5;3547,5;140,944326990839
99;2017;F;42;14;3810;367,45406824147
99;2017;F;43;12;4117,5;291,43897996357
99;2017;F;44;17;4419,5;384,658898065392
99;2017;F;45;12;4556;263,388937664618
99;2017;F;46;13;4474,5;290,535255335792
99;2017;F;47;14;4372;320,219579139982
99;2017;F;48;20;4319;463,070155128502
99;2017;F;49;27;4273;631,874561198221
99;2017;F;5;0;3150,5;0
99;2017;F;50;30;4372;686,184812442818
99;2017;F;51;20;4437,5;450,704225352113
99;2017;F;52;34;4455,5;763,101784311525
99;2017;F;53;20;4410;453,514739229025
99;2017;F;54;30;4306,5;696,621386276559
99;2017;F;55;25;4451;561,671534486632
99;2017;F;56;25;4491,5;556,606924190137
99;2017;F;57;39;4473,5;871,800603554264
99;2017;F;58;45;4627,5;950,837385197191
99;2017;F;59;42;4801;853,988752343262
99;2017;F;6;1;3266,5;30,6138068268789
99;2017;F;60;49;4945;970,677451971689
99;2017;F;61;50;5067;967,041641997237
99;2017;F;62;48;5290;907,372400756144
99;2017;F;63;56;5338,5;1030,2519434298
99;2017;F;64;65;5283,5;1230,24510267815
99;2017;F;65;63;5392,5;1168,2892906815
99;2017;F;66;66;5541;1173,07345244541
99;2017;F;67;59;5539;1065,17421917314
99;2017;F;68;75;5550;1351,35135135135
99;2017;F;69;67;5639,5;1188,04858586754
99;2017;F;7;0;3360,5;0
99;2017;F;70;77;5407,5;1423,94822006473
99;2017;F;71;57;4524,5;1237,70582384794
99;2017;F;72;57;3890,5;1465,10731268475
99;2017;F;73;56;3837;1459,47354704196
99;2017;F;74;42;3514;1195,21912350598
99;2017;F;75;38;3104;1224,22680412371
99;2017;F;76;33;2962;1114,11208642809
99;2017;F;77;46;3070,5;1498,12734082397
99;2017;F;78;34;3159,5;1044,46906156037
99;2017;F;79;45;3080,5;1460,80181788671
99;2017;F;8;1;3388,5;0
99;2017;F;80;40;3028;1321,00396301189
99;2017;F;81;42;2949;1424,21159715158
99;2017;F;82;53;2853,5;1857,36814438409
99;2017;F;83;46;2749,5;1673,0314602655
99;2017;F;84;37;2694;1373,42242019302
99;2017;F;85;40;2556,5;1564,63915509486
99;2017;F;86;38;2493,5;1523,96230198516
99;2017;F;87;30;2388;1214,405360134
99;2017;F;88;33;2086;1581,97507190796
99;2017;F;89;26;1839;1413,81185426862
99;2017;F;9;2;3337,5;29,9625468164794
99;2017;F;90;26;1655,5;1570,52250075506
99;2017;F;91;23;1454,5;1581,29941560674
99;2017;F;92;13;1180,5;1101,22829309615
99;2017;F;93;13;1022;1272,0156555773
99;2017;F;94;10;872,5;1146,13180515759
99;2017;F;95;10;734,5;1225,32334921715
99;2017;F;96;6;574,5;1044,3864229765
99;2017;F;97;1;329;303,951367781155
99;2017;F;98;2;145;1379,31034482759
99;2017;F;99;2;244,5;817,99591002045
99;2017;M;0;1;2551,5;0
99;2017;M;1;1;2733;36,5898280278083
99;2017;M;10;0;3647,5;0
99;2017;M;11;0;3718,5;0
99;2017;M;12;0;3586;0
99;2017;M;13;1;3698;27,0416441319632
99;2017;M;14;1;3748,5;26,6773376017073
99;2017;M;15;0;3884,5;0
99;2017;M;16;1;4179,5;0
99;2017;M;17;0;3988;0
99;2017;M;18;0;3543;0
99;2017;M;19;0;3278,5;0
99;2017;M;2;0;2873;0
99;2017;M;20;5;3227,5;154,918667699458
99;2017;M;21;1;3075;32,520325203252
99;2017;M;22;4;2852,5;140,22787028922
99;2017;M;23;1;2731,5;36,6099212886692
99;2017;M;24;2;2643,5;37,8286362776622
99;2017;M;25;2;2696;74,1839762611276
99;2017;M;26;1;2688;0
99;2017;M;27;1;2662,5;0
99;2017;M;28;2;2753,5;72,6348284002179
99;2017;M;29;1;2925,5;34,1821910784481
99;2017;M;3;0;3054;0
99;2017;M;30;1;3022,5;33,085194375517
99;2017;M;31;3;3109,5;64,3190223508603
99;2017;M;32;2;3069,5;65,1571917250366
99;2017;M;33;3;3107;96,5561635017702
99;2017;M;34;3;3303,5;60,5418495535039
99;2017;M;35;2;3436,5;58,1987487269024
99;2017;M;36;3;3510,5;85,4579119783507
99;2017;M;37;2;3483;57,4217628481194
99;2017;M;38;3;3383,5;88,6655829762081
99;2017;M;39;8;3308,5;241,801420583346
99;2017;M;4;1;3139,5;0
99;2017;M;40;5;3310,5;120,827669536324
99;2017;M;41;6;3365,5;178,279601842223
99;2017;M;42;6;3613;166,066980348741
99;2017;M;43;9;3996;225,225225225225
99;2017;M;44;10;4319;231,535077564251
99;2017;M;45;8;4388;182,315405651778
99;2017;M;46;9;4302,5;209,18070889018
99;2017;M;47;11;4176;263,409961685824
99;2017;M;48;9;4111;218,924835806373
99;2017;M;49;11;4180,5;263,126420284655
99;2017;M;5;0;3303,5;0
99;2017;M;50;24;4153,5;577,825929938606
99;2017;M;51;20;4147;482,27634434531
99;2017;M;52;26;4148,5;626,732553935157
99;2017;M;53;27;4120;631,067961165048
99;2017;M;54;41;4080;980,392156862745
99;2017;M;55;45;4075,5;1104,15899889584
99;2017;M;56;33;4060;812,807881773399
99;2017;M;57;52;4093,5;1245,87761084646
99;2017;M;58;56;4120,5;1359,05836670307
99;2017;M;59;69;4201,5;1642,27061763656
99;2017;M;6;1;3397,5;0
99;2017;M;60;59;4340;1359,44700460829
99;2017;M;61;52;4391;1184,24049191528
99;2017;M;62;70;4504,5;1554,00155400155
99;2017;M;63;81;4645,5;1743,62286083306
99;2017;M;64;99;4746,5;2085,74739281576
99;2017;M;65;102;4700;2170,21276595745
99;2017;M;66;116;4891;2371,70312819464
99;2017;M;67;113;5027,5;2247,63799104923
99;2017;M;68;126;4958;2521,17789431222
99;2017;M;69;137;4921;2783,98699451331
99;2017;M;7;1;3507,5;0
99;2017;M;70;129;4837;2646,26834814968
99;2017;M;71;128;4027,5;3178,15021725636
99;2017;M;72;91;3275,5;2778,20180125172
99;2017;M;73;108;3263;3279,19092859332
99;2017;M;74;86;3168;2683,08080808081
99;2017;M;75;94;2738;3396,63988312637
99;2017;M;76;75;2443;3029,0626279165
99;2017;M;77;102;2488,5;4098,85473176612
99;2017;M;78;79;2472;3195,7928802589
99;2017;M;79;76;2348;3236,79727427598
99;2017;M;8;0;3597;0
99;2017;M;80;65;2244;2896,61319073084
99;2017;M;81;70;2187,5;3154,28571428571
99;2017;M;82;68;2042;3330,06856023506
99;2017;M;83;60;1854,5;3235,3734160151
99;2017;M;84;62;1736;3513,82488479263
99;2017;M;85;58;1637;3543,06658521686
99;2017;M;86;51;1445,5;3528,19093739191
99;2017;M;87;42;1267;3235,99052880821
99;2017;M;88;37;1066,5;3469,29207688701
99;2017;M;89;21;909;2200,2200220022
99;2017;M;9;0;3518,5;0
99;2017;M;90;13;728;1785,71428571429
99;2017;M;91;18;605,5;2972,74979355904
99;2017;M;92;7;540,5;1295,09713228492
99;2017;M;93;9;403,5;2230,48327137546
99;2017;M;94;5;292,5;1709,40170940171
99;2017;M;95;8;227,5;3516,48351648352
99;2017;M;96;2;170,5;1173,02052785924
99;2017;M;97;4;95;4210,52631578947
99;2017;M;98;0;46,5;0
99;2017;M;99;1;88;1136,36363636364
99;2018;F;0;0;2403;0
99;2018;F;1;0;2603,5;0
99;2018;F;10;0;3364,5;0
99;2018;F;11;0;3418;0
99;2018;F;12;0;3553;0
99;2018;F;13;1;3558,5;28,1017282562878
99;2018;F;14;0;3524;0
99;2018;F;15;1;3533;28,3045570336824
99;2018;F;16;1;3511;28,4819139846198
99;2018;F;17;2;3537;28,2725473565168
99;2018;F;18;4;3312;120,772946859903
99;2018;F;19;2;2930;68,259385665529
99;2018;F;2;1;2740;36,4963503649635
99;2018;F;20;1;2629;38,0372765310004
99;2018;F;21;1;2559,5;39,0701308849385
99;2018;F;22;2;2630,5;76,0311727808402
99;2018;F;23;0;2550,5;0
99;2018;F;24;1;2442,5;40,9416581371546
99;2018;F;25;1;2475,5;0
99;2018;F;26;2;2576,5;77,6246846497186
99;2018;F;27;1;2702,5;37,0027752081406
99;2018;F;28;3;2855;105,07880910683
99;2018;F;29;3;2928,5;102,441522963975
99;2018;F;3;0;2877,5;0
99;2018;F;30;0;2995,5;0
99;2018;F;31;2;3173,5;63,0219001102883
99;2018;F;32;2;3256,5;61,4156302779057
99;2018;F;33;5;3256,5;122,831260555811
99;2018;F;34;2;3340,5;59,8712767549768
99;2018;F;35;11;3529;283,36639274582
99;2018;F;36;3;3773;79,5123244102836
99;2018;F;37;10;3876;232,198142414861
99;2018;F;38;7;3759;186,219739292365
99;2018;F;39;5;3552;140,765765765766
99;2018;F;4;0;2960;0
99;2018;F;40;13;3454,5;376,320741062382
99;2018;F;41;13;3478,5;373,724306453931
99;2018;F;42;14;3588;390,189520624303
99;2018;F;43;13;3826,5;313,602508820071
99;2018;F;44;12;4141;289,785076068582
99;2018;F;45;18;4461,5;381,037767566962
99;2018;F;46;25;4599,5;543,537341015328
99;2018;F;47;22;4494;489,541611036938
99;2018;F;48;23;4409,5;498,922780360585
99;2018;F;49;26;4331,5;600,253953595752
99;2018;F;5;2;3039;32,9055610398157
99;2018;F;50;35;4276,5;795,042675084766
99;2018;F;51;40;4386;889,192886456908
99;2018;F;52;29;4447,5;629,567172568859
99;2018;F;53;32;4475;715,083798882682
99;2018;F;54;38;4427,5;858,272162619989
99;2018;F;55;37;4334;853,714813105676
99;2018;F;56;46;4507,5;1020,52135330006
99;2018;F;57;30;4556;658,472344161545
99;2018;F;58;39;4539;859,220092531395
99;2018;F;59;47;4702;999,574649085496
99;2018;F;6;1;3180;0
99;2018;F;60;39;4880,5;799,098453027354
99;2018;F;61;52;5052,5;1029,19346857991
99;2018;F;62;45;5179,5;868,809730668984
99;2018;F;63;52;5363,5;969,516174140021
99;2018;F;64;54;5378;1004,09074005206
99;2018;F;65;60;5347;1103,42247989527
99;2018;F;66;74;5431;1362,54833364021
99;2018;F;67;54;5549,5;973,060636093342
99;2018;F;68;83;5560,5;1492,67152234511
99;2018;F;69;58;5552,5;1044,57451598379
99;2018;F;7;0;3297,5;0
99;2018;F;70;67;5622;1173,95944503735
99;2018;F;71;73;5432;1343,88807069219
99;2018;F;72;56;4493;1246,38326285333
99;2018;F;73;48;3868;1240,95139607032
99;2018;F;74;50;3817;1309,92926381975
99;2018;F;75;42;3470,5;1210,20025932863
99;2018;F;76;40;3088;1262,95336787565
99;2018;F;77;43;2922,5;1471,34302822926
99;2018;F;78;38;3022;1224,35473196559
99;2018;F;79;57;3092,5;1843,16895715441
99;2018;F;8;0;3403;0
99;2018;F;80;41;3024;1355,82010582011
99;2018;F;81;39;2964;1315,78947368421
99;2018;F;82;52;2844,5;1828,08929513095
99;2018;F;83;50;2757,5;1813,23662737987
99;2018;F;84;39;2651,5;1470,86554780313
99;2018;F;85;43;2565,5;1676,0865328396
99;2018;F;86;34;2426;1401,48392415499
99;2018;F;87;43;2368;1773,64864864865
99;2018;F;88;31;2231,5;1389,20008962581
99;2018;F;89;29;1926,5;1505,32052945757
99;2018;F;9;1;3415;29,2825768667643
99;2018;F;90;23;1652,5;1391,83055975794
99;2018;F;91;22;1481;1485,48278190412
99;2018;F;92;17;1285;1245,13618677043
99;2018;F;93;9;1022;880,626223091976
99;2018;F;94;11;872;1146,78899082569
99;2018;F;95;8;727;962,861072902338
99;2018;F;96;8;576;1215,27777777778
99;2018;F;97;6;432;1388,88888888889
99;2018;F;98;1;233;0
99;2018;F;99;1;214;467,289719626168
99;2018;M;0;1;2428;0
99;2018;M;1;1;2699,5;37,0438970179663
99;2018;M;10;0;3558,5;0
99;2018;M;11;0;3663,5;0
99;2018;M;12;0;3722;0
99;2018;M;13;0;3648;0
99;2018;M;14;0;3712;0
99;2018;M;15;1;3787;0
99;2018;M;16;0;3920;0
99;2018;M;17;1;4103;24,3724104313917
99;2018;M;18;0;3902;0
99;2018;M;19;0;3410,5;0
99;2018;M;2;0;2744,5;0
99;2018;M;20;1;3153;31,7158261972724
99;2018;M;21;3;3052,5;65,5200655200655
99;2018;M;22;2;2909;34,3760742523204
99;2018;M;23;2;2712;73,7463126843658
99;2018;M;24;0;2587,5;0
99;2018;M;25;3;2578,5;77,5644754702346
99;2018;M;26;0;2641,5;0
99;2018;M;27;2;2661;75,1597143930853
99;2018;M;28;0;2666;0
99;2018;M;29;0;2790;0
99;2018;M;3;1;2910,5;34,3583576705034
99;2018;M;30;0;2931,5;0
99;2018;M;31;3;3113;96,370061034372
99;2018;M;32;7;3122;192,184497117233
99;2018;M;33;1;3092,5;32,3362974939369
99;2018;M;34;6;3158;189,993666877771
99;2018;M;35;3;3300,5;90,8953188910771
99;2018;M;36;2;3503;57,0939194975735
99;2018;M;37;2;3566;56,0852495793606
99;2018;M;38;3;3530;84,985835694051
99;2018;M;39;5;3409;146,670577882077
99;2018;M;4;0;3101;0
99;2018;M;40;5;3343;149,566257852229
99;2018;M;41;4;3336,5;89,9145811479095
99;2018;M;42;6;3380,5;177,488537198639
99;2018;M;43;9;3620,5;220,963955254799
99;2018;M;44;4;4007;99,8253057149988
99;2018;M;45;6;4347,5;138,010350776308
99;2018;M;46;13;4385;296,465222348917
99;2018;M;47;14;4319;300,995600833526
99;2018;M;48;13;4189;310,336595846264
99;2018;M;49;22;4132,5;532,365396249244
99;2018;M;5;2;3192,5;62,646828504307
99;2018;M;50;18;4207,5;427,807486631016
99;2018;M;51;15;4156;360,923965351299
99;2018;M;52;24;4133,5;580,621749123019
99;2018;M;53;23;4159;528,973310892041
99;2018;M;54;26;4114,5;631,911532385466
99;2018;M;55;32;4073,5;785,565238738186
99;2018;M;56;24;4056,5;566,991248613337
99;2018;M;57;42;4072,5;1031,30755064457
99;2018;M;58;41;4104;999,025341130604
99;2018;M;59;57;4164;1368,87608069164
99;2018;M;6;0;3342,5;0
99;2018;M;60;67;4286,5;1563,04677475796
99;2018;M;61;91;4408;2064,42831215971
99;2018;M;62;80;4449,5;1797,95482638499
99;2018;M;63;71;4553;1559,41137711399
99;2018;M;64;96;4727,5;2030,67160232681
99;2018;M;65;102;4764;2120,067170445
99;2018;M;66;109;4717,5;2289,34817170111
99;2018;M;67;118;4893,5;2411,36201083069
99;2018;M;68;120;5027,5;2366,98160119344
99;2018;M;69;153;4940,5;3096,85254528894
99;2018;M;7;0;3424;0
99;2018;M;70;132;4866;2712,70036991369
99;2018;M;71;119;4762,5;2498,68766404199
99;2018;M;72;129;3996;3228,22822822823
99;2018;M;73;112;3212;3486,92403486924
99;2018;M;74;101;3201,5;3154,77120099953
99;2018;M;75;90;3100,5;2870,50475729721
99;2018;M;76;96;2693;3564,79762346825
99;2018;M;77;84;2364,5;3552,54810742229
99;2018;M;78;80;2410;3319,5020746888
99;2018;M;79;85;2391;3554,99790882476
99;2018;M;8;0;3586;0
99;2018;M;80;70;2244,5;3118,73468478503
99;2018;M;81;74;2123;3485,63353744701
99;2018;M;82;84;2084;4030,71017274472
99;2018;M;83;72;1943,5;3653,20298430666
99;2018;M;84;54;1709;3159,74253949678
99;2018;M;85;46;1614,5;2849,17931248064
99;2018;M;86;46;1494,5;3077,9524924724
99;2018;M;87;43;1319,5;3183,02387267905
99;2018;M;88;42;1126,5;3728,36218375499
99;2018;M;89;22;925,5;2377,09346299298
99;2018;M;9;1;3612;27,6854928017719
99;2018;M;90;15;768,5;1951,85426154847
99;2018;M;91;10;622;1607,71704180064
99;2018;M;92;15;503,5;2780,53624627607
99;2018;M;93;16;431;3712,2969837587
99;2018;M;94;6;313;1916,93290734824
99;2018;M;95;7;212;3301,88679245283
99;2018;M;96;1;166;602,409638554217
99;2018;M;97;5;123;4065,0406504065
99;2018;M;98;3;58,5;3418,80341880342
99;2018;M;99;1;116,5;858,369098712446
